image_id,filename,local_path,sha256,category,ground_truth_subject,subject,country,,source,source_dataset,matched_by,hitem,hitem_clip_score,gt_status,source_folder,caption_base
image_102A;image_102B,food_001(1).png,"Mahyoub(200""CAMAL, wikimedia"")/food_001(1).png",3c494d553efcecc6b3a886403f1c2cf59a2a77803fcfc70b966731da3a16903f,cuisine,siniat batatan,,Jordan,,https://huggingface.co/datasets/UBC-NLP/PEARL,PEARL,sha256,,,manual_done,mixed200,صينية بطاطا معدنية مستديرة تحمل قطع دجاج بنية داكنة اللون بجلد محمّر، موزعة بين شرائح بطاطا دائرية مطهوة في مرق بني لامع. تستقر الصينية فوق قماش مربعات بألوان بيج وبرتقالي فاتحة.
image_103A;image_103B,food_001.png,"Mahyoub(200""CAMAL, wikimedia"")/food_001.png",4baa541aeb2f1f8127ab4e306268192cfc3637046fd9b311d756fb1ef5160c1c,cuisine,sambusa,,,,https://huggingface.co/datasets/ahmedheakl/arabic_foodvqa,CAMAL_arabic_foodvqa,sha256,,,manual_done,mixed200,أقراص سمبوسة مثلثة الشكل بقشرة ذهبية محمّرة مقرمشة، مكدّسة فوق طبق رمادي مزخرف. بجانبها وعاءان صغيران: أحدهما بصلصة خضراء والآخر بصلصة حمراء.
image_104A;image_104B,food_002(1).png,"Mahyoub(200""CAMAL, wikimedia"")/food_002(1).png",26799b7c5050dd16fe1466ebd80a6d5369424ac8811501c44723ab1f64c44a3d,cuisine,koshari,,,,https://huggingface.co/datasets/ahmedheakl/arabic_foodvqa,CAMAL_arabic_foodvqa,sha256,,,ai_suggested,mixed200,كومة صغيرة من كشري تجمع أرزًا وعدسًا في القاعدة، تعلوها معكرونة كوع صفراء، ودفعة من صلصة الطماطم الحمراء في الأعلى، ورشة من البصل المقرمش الذهبي فوقها. يستقر الطبق الأبيض فوق خلفية داكنة.
image_105A;image_105B,food_002.png,"Mahyoub(200""CAMAL, wikimedia"")/food_002.png",9e9933a9b3a4d0d3a19b34fd3b39dea0a37f3729fead16ba4e3d372962b16a8c,cuisine,Oqot,,Saudi_Arabia,,https://huggingface.co/datasets/UBC-NLP/PEARL,PEARL,sha256,,,manual_done,mixed200,كرة عجين واحدة بلون أصفر فاتح مستديرة الشكل، بسطح خشن قليلًا يشبه قوام عقوت، موضوعة فوق طبق أبيض مزخرف بأزهار زرقاء ووردية وحافة ذهبية. يستقر الطبق فوق سطح أبيض تظهر عليه خدوش رفيعة.
image_106A;image_106B,food_003.jpg,"Mahyoub(200""CAMAL, wikimedia"")/food_003.jpg",d48f811f898bf9cfb7c62d7184cf97f28be923ef1501e3377b86c1f2f89d87c5,cuisine,tabbouleh,,,,https://huggingface.co/datasets/ahmedheakl/arabic_foodvqa,CAMAL_arabic_foodvqa,sha256,,,ai_suggested,mixed200,طبق تبولة يتوسطه تجمع من الطماطم المفرومة الحمراء وبتلات زهور صفراء متناثرة فوق خليط أخضر داكن من الأعشاب المفرومة ناعمًا، محاط بأوراق ملفوف أرجوانية تبطّن حواف الوعاء الفيروزي. حول الطبق تنتشر مكونات منفصلة: ليمونة وطماطم وبصل أخضر طويل الأوراق فوق قماش بنّي، ووعاء بمسحوق بني وآخر بحبيبات ذهبية وثالث بملح أبيض، على سطح أسود.
image_107A;image_107B,food_003.png,"Mahyoub(200""CAMAL, wikimedia"")/food_003.png",045b24c05ba49ee1251c98c9d978289330bded72d9190a02ecf3550c169ab237,cuisine,Bazin,,Tunisia,,https://huggingface.co/datasets/UBC-NLP/PEARL,PEARL,sha256,,,manual_done,mixed200,بازين، كتلة عجين بيضاء مستديرة تتوسط طبقًا داكن اللون، مغطاة بصلصة بنية برتقالية سميكة تنساب على جوانبها. تتوسط الكتلة حبة داكنة صغيرة، ويظهر شريط أخضر رفيع عند حافة الصلصة.
image_108A;image_108B,food_004(1).png,"Mahyoub(200""CAMAL, wikimedia"")/food_004(1).png",6390d465438105107d7167a4e59bc83b35480aa0b052bccf4d86344ce6b8db4b,cuisine,Zigni,,Sudan,,https://huggingface.co/datasets/UBC-NLP/PEARL,PEARL,sha256,,,manual_done,mixed200,يخنة لحم داكنة اللون بصلصة طماطم حمراء كثيفة، تُقدَّم مع خبز إسفنجي رمادي مائل للبيج ملفوف جزئيًا وممزّق. تظهر أرغفة إضافية مكوّرة إلى جانب الطبق، فوق سطح أبيض بسيط.
image_109A;image_109B,food_004.png,"Mahyoub(200""CAMAL, wikimedia"")/food_004.png",eaa4270d6547d642d73ab2e9289f8a6f44128794134ac764127968b4b3121c1f,cuisine,falafel,,,,https://huggingface.co/datasets/ahmedheakl/arabic_foodvqa,CAMAL_arabic_foodvqa,sha256,,,manual_done,mixed200,يد تحرك مصفاة سلكية مقعّرة داخل حوض كبير من الزيت الساخن أثناء القلي، وتظهر فقاعات كثيفة على سطح الزيت. بجانب الحوض صينية معدنية مثقّبة تحمل كرات فلافل ذهبية اللون جاهزة، أمام خلفية من الحائط المبلّط.
image_110A;image_110B,food_005.jpg,"Mahyoub(200""CAMAL, wikimedia"")/food_005.jpg",2f10e4c13c62416b51a31e2fef0c3939bcff00d9cc2d8aea577632b93a7a0fd9,cuisine,pastilla,,,,https://huggingface.co/datasets/ahmedheakl/arabic_foodvqa,CAMAL_arabic_foodvqa,sha256,,,ai_suggested,mixed200,بسطيلة مقطوعة تكشف حشوة داخلية من الأرز المفروم بقوام خشن، مختلطة بقطع مأكولات بحرية بيضاء. تعلو القطعة الكاملة حبات جمبري مشوية كاملة، وتحيط بالطبق شرائح ليمون أخضر دائرية. يستقر الطبق فوق صحن مزخرف بنقش مغربي ملون وحافة مربعات سوداء وبيضاء.
image_111A;image_111B,food_005.png,"Mahyoub(200""CAMAL, wikimedia"")/food_005.png",263fdb4caef924a8e97027b092f93a838d27e0e01d17b5743a5bbd8f0eb59b6b,cuisine,dolma,,Jordan,,https://huggingface.co/datasets/UBC-NLP/PEARL,PEARL,sha256,,,ai_suggested,mixed200,لفافات ورق عنب مصفوفة في صفوف متوازية متلاصقة فوق طبق بيضاوي أبيض بحافة ذهبية منقوشة بنقش مربعات صغيرة وزهور وردية مرسومة. يستقر الطبق على مفرش قماشي بنقشة زهور مطابقة، ويظهر في الخلفية العلوية جزء من طبق آخر يحمل قطعًا مقلية على حامل معدني صغير.
image_112A;image_112B,food_006(1).png,"Mahyoub(200""CAMAL, wikimedia"")/food_006(1).png",4faea3ee69c2aef3917641ffe56361fece294469d9e54e314d89246e61cd69b5,cuisine,sambousek,,,,https://huggingface.co/datasets/ahmedheakl/arabic_foodvqa,CAMAL_arabic_foodvqa,sha256,,,ai_suggested,mixed200,سمبوسة نصف دائرية الشكل بحواف مضفّرة مقرمشة وقشرة ذهبية محمّصة، مصفوفة في صف متراكب. تحيط بها أوراق خس، ويظهر وعاء أبيض في الزاوية العلوية اليسرى، فوق سطح خشبي داكن.
image_113A;image_113B,food_006.png,"Mahyoub(200""CAMAL, wikimedia"")/food_006.png",1a6a713e7ab21b23f1294ae14c8482ec80fe5321a79f4810fc40a5c059f893ef,cuisine,balaleet,,Qatar,,https://huggingface.co/datasets/UBC-NLP/PEARL,PEARL,sha256,,,ai_suggested,mixed200,طبق بلاليط يجمع شعيرية رفيعة ذهبية اللون مع قطعة عجة بيضاء مطوية بحواف محمّرة إلى جانبها. يستقر الطبق ذو الحافة الوردية المزهرة فوق سطح رخامي بني مرقّط.
image_114A;image_114B,food_007.jpg,"Mahyoub(200""CAMAL, wikimedia"")/food_007.jpg",5426264368c226ecf12e18085397298969b54d6fe7b88e2cdeb00213afd0b8e8,cuisine,makdous,,,,https://huggingface.co/datasets/ahmedheakl/arabic_foodvqa,CAMAL_arabic_foodvqa,sha256,,,ai_suggested,mixed200,برطمان زجاجي مغلق بغطاء أبيض يحوي مكدوس: باذنجان صغير محشو بشرائح فلفل أحمر، مغموس بالكامل في زيت زيتون. تظهر خلفه زجاجة زيت صفراء اللون وخلفية ضبابية فاتحة.
image_115A;image_115B,food_007.png,"Mahyoub(200""CAMAL, wikimedia"")/food_007.png",fe6d884e753aa40314d463fdee602d2e18cf176ed30810b65f7782b4fe6c98cd,cuisine,saj_bread,,Saudi_Arabia,,https://huggingface.co/datasets/UBC-NLP/PEARL,PEARL,sha256,,,ai_suggested,mixed200,عجينة خبز بيضاء مفرودة فوق سطح صاج أسود مقبّب كبير، تنتشر عليه فقاعات هوائية متفاوتة الحجم. يظهر على طاولة إلى اليسار كومة من أرغفة مطهوة مسبقًا مطوية، وأنبوب غاز أزرق يمتد أسفل الموقد.
image_116A;image_116B,food_008.jpg,"Mahyoub(200""CAMAL, wikimedia"")/food_008.jpg",c4c071a5d9bce9b3ead7661a747c57708575b9b171155dfad2ff497b411489de,cuisine,dolma,,,,https://huggingface.co/datasets/ahmedheakl/arabic_foodvqa,CAMAL_arabic_foodvqa,sha256,,,ai_suggested,mixed200,ورقة عنب واحدة مفردة بلون أخضر داكن تظهر عروقها بوضوح، تتجمع من قاعدتها ثلاث سويقات وردية اللون معًا. تستقر الورقة على لوح خشبي بني ذي عروق بارزة وبقعة داكنة إلى يمينها. يظهر في الزاوية العلوية اليسرى تكديس من لفافات ورق عنب ملفوفة جزئيًا داخل الإطار.
image_117A;image_117B,food_008.png,"Mahyoub(200""CAMAL, wikimedia"")/food_008.png",324a592ec3b69e27ef0a1a73d297f502f50ceeec3af71b7f90b1abaa570e7b6e,cuisine,dolma,,Iraq,,https://huggingface.co/datasets/UBC-NLP/PEARL,PEARL,sha256,,,ai_suggested,mixed200,لفافات ورق عنب داكنة اللون مرتبة بشكل شعاعي حول مركز الطبق، تتخللها في أربع نقاط متقابلة حبات طماطم محشوة مقطوعة من الأعلى تكشف حشوة أرز بيضاء وقطعة طماطم حمراء بداخلها. يستقر الطبق الأبيض المذهّب الحواف فوق سطح رمادي مرقّط.
image_118A;image_118B,food_009(1).png,"Mahyoub(200""CAMAL, wikimedia"")/food_009(1).png",305d565ffde9b0ff20e244b69fd2cea4867466ef2addddf92d355a5cd6af57ec,cuisine,masoub,,Saudi_Arabia,,https://huggingface.co/datasets/UBC-NLP/PEARL,PEARL,sha256,,,ai_suggested,mixed200,وعاء معدني دائري يحمل مصوبًا مهروسًا شاحب اللون، تعلوه طبقة سخية من الجبن الأصفر المبروش وخيوط من شراب داكن يتخللها. يغرس فيه ملعقتان بلاستيكيتان بيضاوان بشكل مستقيم، ويحمل الوعاء شخص يرتدي قميصًا جينز أزرق.
image_119A;image_119B,food_009.png,"Mahyoub(200""CAMAL, wikimedia"")/food_009.png",6cc7a0d330b311f20d7a335116b6c8b7b57756fd106a4a986b00564736db9499,cuisine,kibbeh,,,,https://huggingface.co/datasets/ahmedheakl/arabic_foodvqa,CAMAL_arabic_foodvqa,sha256,,,ai_suggested,mixed200,قطع كبة مقلية بشكل مستطيل الأطراف مدببة، تشبه كرة القدم الأمريكية، مصفوفة في صف واحد فوق طبق بيضاوي أبيض. تحيط بها أوراق خس مموّجة وشرائح ليمون أخضر عند الطرفين.
image_120A;image_120B,food_010(1).png,"Mahyoub(200""CAMAL, wikimedia"")/food_010(1).png",3bb953e6bf78df44a08657a2da8f9ffedff65ddd85b876e09240e0c386cc5e8f,cuisine,Agashe,,Sudan,,https://huggingface.co/datasets/UBC-NLP/PEARL,PEARL,sha256,,,manual_done,mixed200,يدان تعجنان قطعة لحم نيئة محاطة بتوابل صفراء مطحونة داخل وعاء معدني، بينما تستقر قطعة لحم أخرى مغطاة بالكامل بالتوابل إلى اليمين. تظهر بقايا عظم وأنسجة ضامة بيضاء على سطح اللحم غير المغطى.
image_121A;image_121B,food_010.png,"Mahyoub(200""CAMAL, wikimedia"")/food_010.png",4fe0aa15264db48fc66283c55c07aa1ef69b452dbd55f000e2cefac8aa7514b0,cuisine,kebab,,,,https://huggingface.co/datasets/ahmedheakl/arabic_foodvqa,CAMAL_arabic_foodvqa,sha256,,,ai_suggested,mixed200,أربعة أسياخ كباب مشوي بلون بني محمّر داكن، مرصوصة فوق لوح خشبي دائري ومرشوشة بالبقدونس الأخضر المفروم. تحيط بها شرائح ليمون وفلفل أخضر حاد، وتظهر خلفها قماش أحمر وأبيض مربّع النقش.
image_122A;image_122B,food_011.jpg,"Mahyoub(200""CAMAL, wikimedia"")/food_011.jpg",ebd0b3994c1d9ac9c5611aaa50468b1c26d9cf113d1f8e59453d55babc33e281,cuisine,manakish,,,,https://huggingface.co/datasets/ahmedheakl/arabic_foodvqa,CAMAL_arabic_foodvqa,sha256,,,ai_suggested,mixed200,قرصا مناقيش مسطحان يعلوهما خليط داكن اللون من الزعتر وحبات السمسم يغطي السطح بالكامل حتى حافة العجين الذهبية. يستقران على لوح خشبي دائري، وبجانبهما وعاء أبيض صغير يحوي مادة بيضاء كريمية، وعلبة زرقاء في الخلفية.
image_123A;image_123B,food_011.png,"Mahyoub(200""CAMAL, wikimedia"")/food_011.png",f2674638d57d9d00f67c06870b343e3bb870f55e5168bd77a8b0d16205f00544,cuisine,easiduh,,Saudi_Arabia,,https://huggingface.co/datasets/UBC-NLP/PEARL,PEARL,sha256,,,manual_done,mixed200,عصيدة بنية اللون، مستديرة الشكل، بحفرة صغيرة في المنتصف يتجمع فيها زيت ذهبي لامع. تستقر فوق طبق أبيض مثمّن الأضلاع منقوش بأزهار ملونة، وتتناثر حبات تمر بنية وذهبية إلى يمينها فوق سطح أبيض رخامي.
image_124A;image_124B,food_012(1).png,"Mahyoub(200""CAMAL, wikimedia"")/food_012(1).png",5f5aeb4ab2605d8204af432a02a120320d708f579fa1abb718302caa371938cf,cuisine,falafel,,,,https://huggingface.co/datasets/ahmedheakl/arabic_foodvqa,CAMAL_arabic_foodvqa,sha256,,,ai_suggested,mixed200,كرات فلافل مستديرة بقشرة بنية محمّصة، إحداها مقطوعة من المنتصف تكشف عن قوام أخضر بداخلها. تحيط بها قطع متناثرة فوق سطح رخامي أبيض، وبجانبها وعاء صغير يحوي صلصة بيضاء كريمية.
image_125A;image_125B,food_012.png,"Mahyoub(200""CAMAL, wikimedia"")/food_012.png",e8e0dfc5d032a93facaa34039d7595aef3bd28bb8930deb5bb5128e3a1db884a,cuisine,Bazeen,,Tunisia,,https://huggingface.co/datasets/UBC-NLP/PEARL,PEARL,sha256,,,manual_done,mixed200,عجينة بازين بنية فاتحة اللون، جزء منها لا يزال متكتلًا غير ممزوج بالكامل داخل قدر أسود، يظهر في الزاوية العلوية اليمنى طرف ملعقة. تلتصق بقايا العجين بجدران القدر الداخلية.
image_126A;image_126B,food_013(1).png,"Mahyoub(200""CAMAL, wikimedia"")/food_013(1).png",b7c226e691b1cfcf25fce967efdb5f738708623fdf59dfc37d7cfbd5f3518d47,cuisine,hummus,,Jordan,,https://huggingface.co/datasets/UBC-NLP/PEARL,PEARL,sha256,,,manual_done,mixed200,حمص في صينية بيضاوية معدنية، تعلوه حبات حمص كاملة صفراء اللون موزعة بكثافة، وتتوسطه دائرة من البابريكا الحمراء المرشوشة وزيت الزيتون اللامع. يظهر قماش أحمر وكوب زجاجي في الزاوية العلوية اليسرى.
image_127A;image_127B,food_013.png,"Mahyoub(200""CAMAL, wikimedia"")/food_013.png",83c372532d85477751c9e60d62b88c72f0018444e189ffbe180d838eb4bc8f14,cuisine,kousa_mahshi,,,,https://huggingface.co/datasets/ahmedheakl/arabic_foodvqa,CAMAL_arabic_foodvqa,sha256,,,ai_suggested,mixed200,لفافات كوسا محشي بلون أخضر فاتح مرصوصة أفقيًا فوق طبق أبيض، تكشف أطرافها المقطوعة حشوة من الأرز واللحم المفروم. تظهر خلفها حبة فلفل أحمر كاملة ووعاء أبيض صغير في الخلفية.
image_128A;image_128B,food_014(1).png,"Mahyoub(200""CAMAL, wikimedia"")/food_014(1).png",7fbfd5ae59f96e4284d82e207dbf209908d2e9c9d8758922982192a2c3eec725,cuisine,aqit,,Saudi_Arabia,,https://huggingface.co/datasets/UBC-NLP/PEARL,PEARL,sha256,,,manual_done,mixed200,كرات أقط بيضاء مستديرة مغطاة بطبقة بودرة ناعمة، مكدّسة بكثافة داخل صندوق ضيق. تتفاوت أحجامها قليلًا، ويظهر لون أصفر شاحب تحت الطبقة البيضاء في بعض الفجوات بين الكرات.
image_129A;image_129B,food_014.png,"Mahyoub(200""CAMAL, wikimedia"")/food_014.png",e85d38c6630dca49a9ee0f809b4d812c6adb7c9d692afd4e8166247b3016d61f,cuisine,shawarma,,,,https://huggingface.co/datasets/ahmedheakl/arabic_foodvqa,CAMAL_arabic_foodvqa,sha256,,,ai_suggested,mixed200,أربع مخاريط شاورما رأسية مركّبة على أسياخ دوّارة معدنية، بقشرة خارجية بنية ذهبية متعددة الطبقات المتراصة. تستقر المخاريط على قواعد معدنية فضية اللون مثبّتة بمسافات متساوية جنبًا إلى جنب.
image_130A;image_130B,food_015.jpg,"Mahyoub(200""CAMAL, wikimedia"")/food_015.jpg",f127ac00778a87b6048e7ac79cccce8f19f8262dc746bdf326a67cc955ed577a,cuisine,manakish,,,,https://huggingface.co/datasets/ahmedheakl/arabic_foodvqa,CAMAL_arabic_foodvqa,sha256,,,ai_suggested,mixed200,قرص مناقيش دائري مغطى بجبن أبيض ذائب بالكامل حتى حوافه المحمّصة، يتقدم صفًا من أقراص أخرى بتغطية داكنة اللون وأخرى حمراء تظهر خلفه. تستقر الأقراص فوق سطح أخضر مربعات.
image_131A;image_131B,food_015.png,"Mahyoub(200""CAMAL, wikimedia"")/food_015.png",3c8d944a3b0c4ea7a82001caa090e77acaeb268e16c08177f5585bc1fa42137a,cuisine,fattoush,,Jordan,,https://huggingface.co/datasets/UBC-NLP/PEARL,PEARL,sha256,,,manual_done,mixed200,يجمع المشهد ثلاثة أطباق: وعاءان بحساء أبيض كريمي، أحدهما مزين بأعشاب خضراء فقط والآخر بأعشاب وقطع طماطم وخيار حمراء، وصحن دائري يحوي فتوشًا من الخضار المفرومة وقطع خبز محمّص مقرمشة. يستقر المشهد فوق مفرش دانتيل أبيض مطرز بالورود، وتظهر شوكات وملاعق أسفل الصحون وباقة أزهار صناعية في الأعلى.
image_132A;image_132B,food_016(1).png,"Mahyoub(200""CAMAL, wikimedia"")/food_016(1).png",5a68a163612e4aafe0db5281975fe6e37f64a97b355b1260c9d537c27737c340,cuisine,lahm_bi_ajin,,,,https://huggingface.co/datasets/ahmedheakl/arabic_foodvqa,CAMAL_arabic_foodvqa,sha256,,,ai_suggested,mixed200,عدة أقراص لحم بعجين بيضاوية الشكل متراكبة جزئيًا فوق بعضها، مغطاة بطبقة كثيفة من اللحم المفروم المتبل بلون بني محمّر، فوق طبق أبيض دائري.
image_133A;image_133B,food_016.png,"Mahyoub(200""CAMAL, wikimedia"")/food_016.png",257f56c2d636e7b44a3090d40b7f1e0e6ccafe16bb154202444c665618d92025,cuisine,Stuffed Grape Leaves,,Jordan,,https://huggingface.co/datasets/UBC-NLP/PEARL,PEARL,sha256,,,manual_done,mixed200,يجمع الطبق الأخضر أربعة عناصر متجاورة: عدة لفافات من ورق العنب الداكن على الجانب الأيسر، وقطع من اللحم المشوي البني المحمّر في الأعلى، إلى جانب قطعة خبز مربعة بقشرة ذهبية ومعجّنة محشوة مطوية في الأسفل. يستقر الطبق فوق مفرش وردي منقوش بالزهور.
image_134A;image_134B,food_017.jpg,"Mahyoub(200""CAMAL, wikimedia"")/food_017.jpg",8de4efef59d0a93c6c75e48a010683dc871646f517203be00111614c500d1cef,cuisine,balaleet,,,,https://huggingface.co/datasets/ahmedheakl/arabic_foodvqa,CAMAL_arabic_foodvqa,sha256,,,ai_suggested,mixed200,وعاء بلاليط أحمر مزخرف بنقش أبيض يحمل شعيرية ذهبية وعجة صفراء مطوية فوقها. تظهر خلفه أدوات تقديم قهوة عربية مذهّبة الحواف على قماش أحمر، فوق طاولة خشبية.
image_135A;image_135B,food_017.png,"Mahyoub(200""CAMAL, wikimedia"")/food_017.png",c773e1ecf995dbf2347782afcdcbb1cb1a4866219571a96c047ed8f3bece902a,cuisine,zarb,,Jordan,,https://huggingface.co/datasets/UBC-NLP/PEARL,PEARL,sha256,,,ai_suggested,mixed200,رف معدني من ثلاث طبقات دائرية يحمل زربًا: طبقتان علويتان عليهما قطع لحم نيء وطماطم حمراء وبصل وبطاطا كاملة، والطبقة السفلية شبكة شواء فارغة. يقف الرف فوق صخور صحراوية، ويظهر رجل بقميص فيروزي وصينية معدنية إلى جانبه.
image_136A;image_136B,food_018(1).png,"Mahyoub(200""CAMAL, wikimedia"")/food_018(1).png",3f806fa62d1300856a4e0cf80ba61b418917d43ccdd312d9e9bb27ea011b439b,cuisine,kibbeh,,,,https://huggingface.co/datasets/ahmedheakl/arabic_foodvqa,CAMAL_arabic_foodvqa,sha256,,,ai_suggested,mixed200,قطع كبة مرتبة على شكل نجمة داخل وعاء خشبي دائري مبطّن بأوراق خس مقطّعة، مع حبة طماطم كرزية حمراء في المركز وأخرى خارج الوعاء. يظهر فلفل أحمر حاد في الزاوية السفلية اليسرى.
image_137A;image_137B,food_018.png,"Mahyoub(200""CAMAL, wikimedia"")/food_018.png",d4187b965a7f54eb402cf3b8e75c2573d714fdb82158c33bee22477ceeb3f009,cuisine,machboos,,Bahrain,,https://huggingface.co/datasets/UBC-NLP/PEARL,PEARL,sha256,,,ai_suggested,mixed200,طبق مجبوس كبير مكدّس بالأرز تعلوه عدة قطع دجاج مطهوة، مغطاة بكثافة بزبيب داكن وذهبي اللون وحبات صنوبر وكاجو متناثرة. يستقر الطبق فوق مفرش مزهّر، وتظهر أطباق وأوعية أخرى في الخلفية.
image_138A;image_138B,food_019.jpg,"Mahyoub(200""CAMAL, wikimedia"")/food_019.jpg",6758edee4bc418b401a90087eb9b7ce219164807db3db6774edbac806c072184,cuisine,lahm_bi_ajin,,,,https://huggingface.co/datasets/ahmedheakl/arabic_foodvqa,CAMAL_arabic_foodvqa,sha256,,,ai_suggested,mixed200,عشرات أقراص لحم بعجين بيضاوية الشكل تُخبز مباشرة على أرضية فرن حجري مقوّس، تظهر ألسنة لهب صفراء زرقاء عند حافته اليسرى. تضفي الإضاءة البرتقالية الدافئة طابعًا على المشهد بأكمله.
image_139A;image_139B,food_019.png,"Mahyoub(200""CAMAL, wikimedia"")/food_019.png",48527c6a46d740bba01da47aeceec3bd92a27397b7f133177db98e6fe288ba27,cuisine,machboos,,Bahrain,,https://huggingface.co/datasets/UBC-NLP/PEARL,PEARL,sha256,,,ai_suggested,mixed200,صينية مجبوس معدنية كبيرة من الأرز المصفر تعلوها قطع لحم وشرائح لوز مقطّعة، تُرى من زاوية علوية مائلة. تصطف على حافتها اليمنى أكواب صغيرة مغطاة بأغطية بيضاء بشكل متتابع.
image_140A;image_140B,food_020(1).png,"Mahyoub(200""CAMAL, wikimedia"")/food_020(1).png",3385f7f70f2049f613e63258c6ff80ab1f7d6d8588fae182fc83049a111f8956,cuisine,machboos,,Bahrain,,https://huggingface.co/datasets/UBC-NLP/PEARL,PEARL,sha256,,,ai_suggested,mixed200,وعاء مجبوس أبيض بحافة منقطة ذهبية يحمل أرزًا بنيًا محمرًا داكن اللون، تعلوه قطعتا دجاج محمّصتان حتى اسمرار حوافهما. يظهر غلاف بلاستيكي شفاف عند حافة الوعاء، وقطعة خبز في الزاوية العلوية اليمنى.
image_141A;image_141B,food_020.png,"Mahyoub(200""CAMAL, wikimedia"")/food_020.png",1b7c8c53a1b8555e2441921289330fc143ef88891a44c9e2c3c0dc0a9371047c,cuisine,kibbeh,,,,https://huggingface.co/datasets/ahmedheakl/arabic_foodvqa,CAMAL_arabic_foodvqa,sha256,,,ai_suggested,mixed200,قطع كبة مقلية مستطيلة مدببة الأطراف، إحداها مقطوعة تكشف حشوة داخلية من اللحم المفروم وقطع الجوز. تحيط بها أوراق خس وشريحة طماطم ونصف حبة جوز وأعشاب بقدونس فوق طبق أبيض.
image_142A;image_142B,food_021(1).png,"Mahyoub(200""CAMAL, wikimedia"")/food_021(1).png",a9af844820a5fceb32393d2bc3fa26c088f23a7c9906fb87e49b178aabf49c5a,cuisine,shish_barak,,,,https://huggingface.co/datasets/ahmedheakl/arabic_foodvqa,CAMAL_arabic_foodvqa,sha256,,,ai_suggested,mixed200,مرحلتان من تحضير شيش برك معروضتان جنبًا إلى جنب: في الجزء الأيسر أقراص عجين مسطحة عليها كومة من حشوة اللحم المفروم قبل الطي، وفي الجزء الأيمن عجينات مغلقة الأطراف مرصوصة في صفوف. تظهر منشفة وردية وشوبك خشبي في الخلفية، فوق سطح خشبي.
image_143A;image_143B,food_021.png,"Mahyoub(200""CAMAL, wikimedia"")/food_021.png",9b1c3dae87cbce1829f77a275a0130da96cfd161f9e6f40679f1a30f037056e2,cuisine,molokhia,,Sudan,,https://huggingface.co/datasets/UBC-NLP/PEARL,PEARL,sha256,,,ai_suggested,mixed200,أوراق ملوخية خضراء زاهية اللون، خماسية التفرع من ساق مركزي واحد، تظهر عروقها البارزة بوضوح. تحيط بها أوراق أصغر جزئية الظهور، وخلفية عشبية خضراء داكنة، مع قضيب معدني رفيع يمر خلف الأوراق.
image_144A;image_144B,food_022.jpg,"Mahyoub(200""CAMAL, wikimedia"")/food_022.jpg",b9b329bcfa95b74e13db265307af54b3e3bd721b94be31a7c58f55837b7f8628,cuisine,couscous,,,,https://huggingface.co/datasets/ahmedheakl/arabic_foodvqa,CAMAL_arabic_foodvqa,sha256,,,ai_suggested,mixed200,قرص كسكسي أصفر مضغوط أسطوانيًا، تعلوه خضار سوتيه من باذنجان أرجواني داكن وزيتون أسود وحمص أصفر وفلفل ملون، مرشوش بمكسرات مجروشة وأعشاب نعناع وكزبرة. يحيط بالقرص مكعبات جبن أبيض وأنصاف طماطم كرزية، فوق طبق فخاري بحافة فيروزية.
image_145A;image_145B,food_022.png,"Mahyoub(200""CAMAL, wikimedia"")/food_022.png",b6312b2f35c22c14863a30427600ce8e0d182dd334a8da83f09459bd9f1ea611,cuisine,omani_halwa,,Oman,,https://huggingface.co/datasets/UBC-NLP/PEARL,PEARL,sha256,,,ai_suggested,mixed200,سطح حلوى عمانية داكن اللون لامع القوام يشبه الهلام، مرشوش بشرائح فستق أخضر متناثرة بشكل غير منتظم. تظهر حافة صينية معدنية دائرية عند أطراف الإطار.
image_146A;image_146B,food_023.jpg,"Mahyoub(200""CAMAL, wikimedia"")/food_023.jpg",d71a06e25dc82c2029eebfd27ac3a37b8b383cf6489f7b95105e0cc9f0f46e49,cuisine,lahoh,,,,https://huggingface.co/datasets/ahmedheakl/arabic_foodvqa,CAMAL_arabic_foodvqa,sha256,,,manual_done,mixed200,قرص لحوح دائري بنسيج مليء بثقوب فقاعية متجانسة، يُخبز فوق مقلاة سوداء مسطحة، بلون بني ذهبي في المنتصف يتدرج إلى أغمق عند الحواف. تظهر عبوات مطبخ صغيرة خلف المقلاة.
image_147A;image_147B,food_023.png,"Mahyoub(200""CAMAL, wikimedia"")/food_023.png",c464df9aba2f01d4ba86540e988b1bc37a38056b42fa10e58f30f298c4cd749f,cuisine,Atkilt Wot,,Sudan,,https://huggingface.co/datasets/UBC-NLP/PEARL,PEARL,sha256,,,EXCLUDE,mixed200,طبق بيضاوي أبيض تحمله يد تبدو عليها أساور حمراء وزرقاء، إلى جانب كتابة سوداء جزئية على قماش أبيض في الخلفية. يضم الطبق خبزًا إسفنجيًا رماديًا مائلًا للبيج، بعضه ملفوف وبعضه ممزّق، بجانب يخنة من شرائح لحم رفيعة غارقة في صلصة حمراء برتقالية تحتوي قطع طماطم وفلفل، مع رشة أعشاب خضراء وكومة صغيرة من بهار أحمر.
image_148A;image_148B,food_024.jpg,"Mahyoub(200""CAMAL, wikimedia"")/food_024.jpg",1b30f878d669a9d0a310ef7cc42e8d807dd782ac4d735d69c105ff256b569920,cuisine,Bulgur Salad,,,,https://huggingface.co/datasets/ahmedheakl/arabic_foodvqa,CAMAL_arabic_foodvqa,sha256,,,manual_done,mixed200,سلطة برغل خشن القوام في وعاء أسود عميق، مزينة بأرباع طماطم كرزية برتقالية اللون وأغصان كزبرة خضراء طازجة. يظهر وعاء آخر مماثل جزئيًا في الخلفية العلوية، فوق سطح رمادي مزرق.
image_149A;image_149B,food_024.png,"Mahyoub(200""CAMAL, wikimedia"")/food_024.png",cd96901b12a6b5893f750061bd1a98314aa88e8239d4beb0627263da0f82741d,cuisine,dolma,,Jordan,,https://huggingface.co/datasets/UBC-NLP/PEARL,PEARL,sha256,,,ai_suggested,mixed200,طبق دائري يرتب المحتوى في حلقات متداخلة: كومة من لفافات ورق عنب داكنة اللون ومبللة في المنتصف تعلوها قطع حمراء صغيرة، تحيط بها حلقة من لفافات ورق عنب أفتح لونًا، ثم حلقة خارجية من فلفل حلو محشو بألوان حمراء وبرتقالية وصفراء.
image_150A;image_150B,food_025(1).png,"Mahyoub(200""CAMAL, wikimedia"")/food_025(1).png",4ea7866166e5c7108424e25f552ac0f0fe2f0111447ff89ffa9c029c0b97c30c,cuisine,katayef,,,,https://huggingface.co/datasets/ahmedheakl/arabic_foodvqa,CAMAL_arabic_foodvqa,sha256,,,ai_suggested,mixed200,قطع قطايف مخروطية الشكل مفتوحة الطرف مصفوفة بشكل دائري متشعب، محشوة بطبقة كثيفة من الفستق الأخضر المطحون تغطي فوهتها بالكامل. لون العجين ذهبي مائل للبرتقالي.
image_151A;image_151B,food_025.png,"Mahyoub(200""CAMAL, wikimedia"")/food_025.png",ed73d426acd9d89ceffb9db404bc0d869e0864cc6e6d1ff1aea5c148088ab9b9,objects,cooking pot,,Bahrain,,https://huggingface.co/datasets/UBC-NLP/PEARL,PEARL,sha256,,,manual_done,mixed200,قِدر نحاسي كبير أخضر باهت اللون بفعل الأكسدة، معلّق داخل هيكل سلكي دائري فوق عمود أبيض. تحته لوحة بيضاء مكتوب عليها نص عربي، وخلفه جدار فاتح اللون وفتحة تهوية معدنية.
image_152A;image_152B,food_026.jpg,"Mahyoub(200""CAMAL, wikimedia"")/food_026.jpg",a4ec1178317e2f984ac8cabebcb9781bc43d293993b90dda844e50408ab04be9,cuisine,halawet_el_jibn,,,,https://huggingface.co/datasets/ahmedheakl/arabic_foodvqa,CAMAL_arabic_foodvqa,sha256,,,ai_suggested,mixed200,قطعة حلاوة جبن بيضاء ملفوفة على شكل أسطواني، طرفاها مغموسان بالفستق الأخضر المطحون، وتعلوها كتلة صغيرة من مربى أحمر. تستقر القطعة فوق كومة من أربعة أطباق بحافة بنية، بجانبها شوكة معدنية وحبات فستق مقشورة وبتلة وردة. يظهر في الخلفية طبق آخر يحمل عدة قطع مماثلة مصفوفة.
image_153A;image_153B,food_026.png,"Mahyoub(200""CAMAL, wikimedia"")/food_026.png",ce82a11b90f256e403b72f42f4f20226b53936cb01b870b1bb7143a4e753dd23,cuisine,machboos,,Oman,,https://huggingface.co/datasets/UBC-NLP/PEARL,PEARL,sha256,,,ai_suggested,mixed200,طبق مجبوس أبيض دائري يحمل أرزًا بلون بني فاتح مبهّرًا بحبات هيل أسود وقرفة عيدان، تتوزع عليه أربع قطع دجاج وشرائح لوز وفلفل أخضر حاد وأوراق كزبرة. يستقر الطبق فوق قماش أحمر لامع، وإلى يساره قطعة زينة صغيرة على شكل فانوس مذهّب.
image_154A;image_154B,food_027(1).png,"Mahyoub(200""CAMAL, wikimedia"")/food_027(1).png",d664cce2fde716dadf0830b4a074aee4b55148c6890732ce017ddbde4e624b39,cuisine,lahoh,,Yemen,,https://huggingface.co/datasets/UBC-NLP/PEARL,PEARL,sha256,,,ai_suggested,mixed200,قرصا لحوح مكدّسان فوق بعضهما، بنسيج إسفنجي مليء بثقوب دقيقة متفاوتة الحجم وحواف صفراء ذهبية محمّصة. يستقران على طبق مربّع بحافة زرقاء داكنة، فوق مفرش مزخرف.
image_155A;image_155B,food_027.png,"Mahyoub(200""CAMAL, wikimedia"")/food_027.png",166cfaf26c9ea896b2a1f4b38acb02612c068c404f3dd8d2031ebe3fe6caac18,cuisine,kunafa,,,,https://huggingface.co/datasets/ahmedheakl/arabic_foodvqa,CAMAL_arabic_foodvqa,sha256,,,ai_suggested,mixed200,قطعة كنافة مربعة الشكل بطبقة علوية حمراء برتقالية من العجين المبروش المحمّص، يظهر عند حوافها الجانبية طبقة بيضاء من الجبن أسفل الحشوة. تتوسط القطعة رشة من الفستق الأخضر المطحون. يستقر الطبق الأبيض فوق مفرش مخطط بني فاتح.
image_156A;image_156B,food_028(1).png,"Mahyoub(200""CAMAL, wikimedia"")/food_028(1).png",2d26b9bf9e451d115cf86409f723a40f8d5d135d470faf33c39646c278b0f925,objects,Ashura,,Bahrain,,https://huggingface.co/datasets/UBC-NLP/PEARL,PEARL,sha256,,,manual_done,mixed200,حشد من الرجال يرتدون ملابس سوداء، يتجمعون حول قدرين معدنيين كبيرين يُحضّر فيهما عاشوراء بلون أحمر داكن، يحرّكه بعضهم بعصي طويلة. يمتد المكان تحت سقف معدني مموّج، وتظهر لافتات معلّقة على الجدار ونخيل وسيارة ودراجات مركونة في الخلفية.
image_157A;image_157B,food_028.png,"Mahyoub(200""CAMAL, wikimedia"")/food_028.png",94e063b0f262399d63049c22b098b431655fcc7dd981252b04c00772a2c7cd6f,cuisine,kibbeh,,,,https://huggingface.co/datasets/ahmedheakl/arabic_foodvqa,CAMAL_arabic_foodvqa,sha256,,,ai_suggested,mixed200,طبق يجمع بين قطع كبة مقلية مستطيلة الشكل وقرصين مسطحين من الكبة عليهما علامات شواء متقاطعة، إلى جانب شرائح خيار خضراء مرتبة صفًا. حافة الطبق زرقاء اللون، ويظهر قماش أبيض في الخلفية العلوية.
image_158A;image_158B,food_029.jpg,"Mahyoub(200""CAMAL, wikimedia"")/food_029.jpg",20c7203ffdcbb04d985add92d5abe1253a8c39a0f9aae58d06d5533f67f9a04b,cuisine,halawet_el_jibn,,,,https://huggingface.co/datasets/ahmedheakl/arabic_foodvqa,CAMAL_arabic_foodvqa,sha256,,,ai_suggested,mixed200,صفوف من حلاوة الجبن الملفوفة أسطوانيًا، مغموسة الأطراف بالفستق الأخضر المطحون، وتعلو كل قطعة نقطة من مربى أحمر داكن. تصطف القطع بشكل متوازٍ فوق طبق أبيض مستطيل.
image_159A;image_159B,food_029.png,"Mahyoub(200""CAMAL, wikimedia"")/food_029.png",cdf84a60a556a5434143fdc9d20104f2b075a86ed569e2d194b5438c8cc55397,cuisine,Sardines,,Bahrain,,https://huggingface.co/datasets/UBC-NLP/PEARL,PEARL,sha256,,,manual_done,mixed200,كومة كثيفة من سمك السردين الفضي اللامع، تتشابك أجسادها ورؤوسها وعيونها الداكنة بشكل عشوائي، تملأ وعاءً أبيض دائريًا بالكامل حتى حوافه.
image_160A;image_160B,food_030(1).png,"Mahyoub(200""CAMAL, wikimedia"")/food_030(1).png",753c18b1debc050b5973a0695ba2b8a0f3aba8cc06b89daddadddc4576efe1dd,cuisine,shawarma,,,,https://huggingface.co/datasets/ahmedheakl/arabic_foodvqa,CAMAL_arabic_foodvqa,sha256,,,ai_suggested,mixed200,مخروطا شاورما متجاوران على سيخين دوّارين، أحدهما بلون ذهبي فاتح والآخر بلون بني أغمق. يظهر في الركن السفلي الأيمن كوب أبيض صغير قرب قاعدتي السيخين.
image_161A;image_161B,food_030.png,"Mahyoub(200""CAMAL, wikimedia"")/food_030.png",742790f3fcfe14a8c6da2d4782ceb66f7d86843ae0a1c46b8ee9e87729cd94d8,objects,Quffah,,Bahrain,,https://huggingface.co/datasets/UBC-NLP/PEARL,PEARL,sha256,,,manual_done,mixed200,أكوام من قِفف منسوجة من سعف النخيل بلون بيج ترابي، مكدّسة فوق بعضها في مجموعات متجاورة على أرضية مبلّطة بنقش أسود وأبيض. تظهر خلفها براميل بلاستيكية زرقاء وبرتقالية وخزانة خشبية.
image_162A;image_162B,food_031(1).png,"Mahyoub(200""CAMAL, wikimedia"")/food_031(1).png",d6c4bb0d9bab1b4a5564f5051aa0b4246f3421397b6c0fed3cb518a2eaa0a1c2,objects,cooking pot,,Sudan,,https://huggingface.co/datasets/UBC-NLP/PEARL,PEARL,sha256,,,manual_done,mixed200,قِدر أسطواني معدني فضي يعلو موقدًا أسود التصميم توقد تحته نار مباشرة على الأرض، بجانبه صبي جالس على كرسي خشبي صغير. تحيط بالمشهد خيام قماشية بيضاء، وأشجار خضراء، ومنزل بسقف أخضر في الخلفية البعيدة.
image_163A;image_163B,food_031.png,"Mahyoub(200""CAMAL, wikimedia"")/food_031.png",b42f4be58a8cd77b0e639f0866b1c095fe2ebbcd05d564b54b5eac14ac7d4194,cuisine,shish_barak,,,,https://huggingface.co/datasets/ahmedheakl/arabic_foodvqa,CAMAL_arabic_foodvqa,sha256,,,ai_suggested,mixed200,وعاء أسود الحافة يحمل شيش برك يطفو في حساء أبيض كريمي القوام، مزينًا بحبات صنوبر محمّصة وأوراق بقدونس متناثرة. تظهر ملعقة عند الحافة اليسرى للوعاء، فوق خلفية خضراء.
image_164A;image_164B,food_032.jpg,"Mahyoub(200""CAMAL, wikimedia"")/food_032.jpg",c06401947c0e57e9656d3ebc533c1e306dccf62b836d7d2fe7076d1722799031,cuisine,koshari,,,,https://huggingface.co/datasets/ahmedheakl/arabic_foodvqa,CAMAL_arabic_foodvqa,sha256,,,ai_suggested,mixed200,منضدة زرقاء داكنة تعرض مكونات كشري منفصلة قبل مزجها: كومتان من العدس البني الخام، ومعكرونة كوع صفراء نيئة، ووعاء أبيض بحمص وبصل مقلي، ووعاء آخر بصلصة طماطم حمراء، ووعاء بمرق ذهبي به شعيرية. يتوسط المشهد وعاء زجاجي كبير تُحرّك فيه ملعقة خشبية مزيجًا من كل هذه المكونات مجمّعة معًا.
image_165A;image_165B,food_032.png,"Mahyoub(200""CAMAL, wikimedia"")/food_032.png",c4490fb6cfb4da72c775ca060928ab0144b1b379def71904d2214241506171f1,cuisine,olive_oil,,Bahrain,,https://huggingface.co/datasets/UBC-NLP/PEARL,PEARL,sha256,,,ai_suggested,mixed200,زجاجة زيت زيتون شفافة بلون أخضر ذهبي، بغطاء معدني فضي له فوهة صب مدببة. تظهر نقوش محفورة على سطح الزجاج تمثل عناقيد عنب وكتابة مموّجة، فوق خلفية بيضاء فارغة.
image_166A;image_166B,food_033(1).png,"Mahyoub(200""CAMAL, wikimedia"")/food_033(1).png",8decf000cf7ad9b7ad2d056a021e988564de795e892763fe1c2a47fbdb692db4,cuisine,mansaf,,,,https://huggingface.co/datasets/ahmedheakl/arabic_foodvqa,CAMAL_arabic_foodvqa,sha256,,,ai_suggested,mixed200,يحمل رغيف خبز دائري كبير منسفًا من الأرز المغطى بقطع لحم مسلوق متفتت، تعلوه أعشاب خضراء مفرومة. إلى يمين الطبق تتكدس أرغفة رقيقة أخرى بجانب وعاء صغير من صلصة بيضاء ووعاء من الأعشاب المفرومة. يستقر الطبق على سطح خشبي داكن يمنح المشهد طابعًا ريفيًا دافئًا.
image_167A;image_167B,food_033.png,"Mahyoub(200""CAMAL, wikimedia"")/food_033.png",866b16c7b918f9b4fad468c274a380e76edfbb9a67cf6953b0315428d646f4bf,cuisine,zarb,,Jordan,,https://huggingface.co/datasets/UBC-NLP/PEARL,PEARL,sha256,,,ai_suggested,mixed200,رف معدني من ثلاث طبقات دائرية يحمل زربًا مطهوًا بالكامل: قطع دجاج ولحم بنية ذهبية اللون مرصوصة على كل طبقة. يقف الرف على قاعدة دائرية معدنية أمام قماش أحمر وأسود مخطط.
image_168A;image_168B,food_034(1).png,"Mahyoub(200""CAMAL, wikimedia"")/food_034(1).png",e4b95eeda1d06be580640e4d647fb326ec4a927d9edb91a1fcdb9f2a5c63cd13,cuisine,kebab,,,,https://huggingface.co/datasets/ahmedheakl/arabic_foodvqa,CAMAL_arabic_foodvqa,sha256,,,ai_suggested,mixed200,عيدان كباب طويلة مشوية بلون بني داكن، مصفوفة فوق قطعة خبز مسطحة. تعلوها حلقات بصل أبيض شفافة وحبيبات حمراء متناثرة، وتظهر أعشاب خضراء ورغيف خبز آخر في الزاوية العلوية اليمنى، فوق سطح خشبي.
image_169A;image_169B,food_034.png,"Mahyoub(200""CAMAL, wikimedia"")/food_034.png",a232e4fda179224680857b9cc1157a2c148f4985f97129fbd1261a56c7f788a2,cuisine,yakhnaya,,Jordan,,https://huggingface.co/datasets/UBC-NLP/PEARL,PEARL,sha256,,,manual_done,mixed200,يخنة طماطم حمراء مقطّعة مكعبات، تُطهى داخل قدر نحاسي بمقبضين ذهبيين منحوتين على شكل مقوّس. يظهر خلف القدر طبق أبيض عليه شرائح جبن أصفر ووعاء صغير مزخرف بنقش أزهار ملونة، وكوب شاي زجاجي بمقبض.
image_170A;image_170B,food_035.jpg,"Mahyoub(200""CAMAL, wikimedia"")/food_035.jpg",d4beb1527d076edde678dff6ab90078bd8323378c10678d0828bce94f1a106b8,cuisine,makdous,,,,https://huggingface.co/datasets/ahmedheakl/arabic_foodvqa,CAMAL_arabic_foodvqa,sha256,,,ai_suggested,mixed200,قطع مكدوس مقطوعة من المنتصف تكشف حشوة من الجوز المطحون وشرائح فلفل أحمر حاد، مرصوصة فوق طبق أبيض بيضاوي. تحيط به شرائح طماطم حمراء وحبات جوز بقشرتها وثوم أبيض وفلفل أحمر طويل، فوق طاولة خشبية.
image_171A;image_171B,food_035.png,"Mahyoub(200""CAMAL, wikimedia"")/food_035.png",d458218cc29ad6421a801f040dd93665551b1c4821dd6160e4f4c44ef23043df,cuisine,Hummus Fatteh,,Jordan,,https://huggingface.co/datasets/UBC-NLP/PEARL,PEARL,sha256,,,manual_done,mixed200,فتة حمص دائرية تعلوها شرائح لوز محمّص ذهبية اللون تحيط بالحافة الخارجية، وبصل مقلي بني داكن، بينما يتوسطها مربع من زيت الزيتون يقطعه عودان من البصل الأخضر متقاطعان بشكل X. يستقر الطبق فوق سطح مبلّط.
image_172A;image_172B,food_036.jpg,"Mahyoub(200""CAMAL, wikimedia"")/food_036.jpg",d71375baef2463b559464a88a104c2360b9e8ee9e724fb32396df4813fc7562d,cuisine,Bastilla,,,,https://huggingface.co/datasets/ahmedheakl/arabic_foodvqa,CAMAL_arabic_foodvqa,sha256,,,manual_done,mixed200,بسطيلة دائرية بقشرة خارجية ذهبية مقرمشة من رقائق العجين، يتوسطها مسحوق فستق أخضر تحيط به وريدات وردية داكنة مرتبة بالتناوب. تحيط بحافتها بيضات سمان مسلوقة مقشورة، وتستقر فوق طبق فضي مبطّن بمفرش دانتيل أبيض، وخلفها حلوى مغلّفة بالذهبي وقاعدة عرض ذهبية.
image_173A;image_173B,food_036.png,"Mahyoub(200""CAMAL, wikimedia"")/food_036.png",5f1c49733d6fd695cfb738853ceac8b196846f47552309b03e8f8f266fd66980,cuisine,machboos,,Bahrain,,https://huggingface.co/datasets/UBC-NLP/PEARL,PEARL,sha256,,,ai_suggested,mixed200,قدر مجبوس معدني كبير يحوي أرزًا برتقاليًا محمّرًا مغطى جزئيًا بقطع لحم داكنة محروقة الأطراف، وأخرى أفتح لونًا بينها، ضمن إضاءة دافئة تميل إلى البني في عموم المشهد.
image_174A;image_174B,food_037.jpg,"Mahyoub(200""CAMAL, wikimedia"")/food_037.jpg",ada3b9a7d94761f41c94ac6b20a4ec51e3c587561fdd7c04c4c2343e0a91f18a,cuisine,tagine,,,,https://huggingface.co/datasets/ahmedheakl/arabic_foodvqa,CAMAL_arabic_foodvqa,sha256,,,ai_suggested,mixed200,يد ترفع غطاء طاجين مخروطي الشكل بلون بنفسجي عن الوعاء الأساسي، كاشفة عن خضار متنوعة الألوان مطهوة في مرق أصفر مشبع بالزعفران: جزر وفاصولياء خضراء وبطاطا وفلفل أحمر. يظهر طاجين آخر مغلق خلفه، ونبتة نخيل صغيرة وأبنية في خلفية ضبابية.
image_175A;image_175B,food_037.png,"Mahyoub(200""CAMAL, wikimedia"")/food_037.png",9dd45ec22c92b1300d122acf53b1311a8c7d283974a0af54ef526fa3fe1eaf2c,cuisine,mansaf,,Jordan,,https://huggingface.co/datasets/UBC-NLP/PEARL,PEARL,sha256,,,ai_suggested,mixed200,طبق منسف دائري كبير بحافة حمراء، يحمل رغيف خبز مفروشًا في القاعدة يعلوه أرز أبيض من الجانبين وقطع لحم مغطاة بصلصة بيضاء كريمية في المنتصف، مع رشة من البقدونس المفروم واللوز المحمّص المتناثر فوق الأرز والصلصة معًا. تظهر مثلثات خبز مطوية عند الحافة السفلية للطبق.
image_176A;image_176B,food_038(1).png,"Mahyoub(200""CAMAL, wikimedia"")/food_038(1).png",fa69a8e6c387822ad134796865f321b7f394928f1d0ff3115adf1348791ef8ca,cuisine,Agashe,,Sudan,,https://huggingface.co/datasets/UBC-NLP/PEARL,PEARL,sha256,,,manual_done,mixed200,أسياخ أقاشي مشوية بقشرة توابل صفراء محمّصة ومحروقة الأطراف جزئيًا، مرصوصة فوق طبق معدني دائري. بجانبها مكعبات بصل أرجواني وأرباع ليمون أخضر، يُرى المشهد من الأعلى فوق طاولة خشبية زرقاء رمادية.
image_177A;image_177B,food_038.png,"Mahyoub(200""CAMAL, wikimedia"")/food_038.png",3716c392511f3ee2ce45df26ad18f2ecaa4a7e7095189f70fdc24095d62575c4,cuisine,shish_barak,,,,https://huggingface.co/datasets/ahmedheakl/arabic_foodvqa,CAMAL_arabic_foodvqa,sha256,,,ai_suggested,mixed200,عجينات شيش برك نيئة بعجين شاحب اللون، مغلقة من الأعلى بطي ملتوٍ يشبه عقدة صغيرة، مصفوفة في صفوف متوازية منتظمة فوق صينية معدنية مرشوشة بالدقيق الأبيض.
image_178A;image_178B,food_039(1).png,"Mahyoub(200""CAMAL, wikimedia"")/food_039(1).png",5b5558b0bd15a7737cae851cdcb4e6da9bda6f6769aacf801b43e6201e180fb8,cuisine,Kissra,,Sudan,,https://huggingface.co/datasets/UBC-NLP/PEARL,PEARL,sha256,,,manual_done,mixed200,أرغفة كسرة رقيقة شاحبة اللون، مبرقشة ببقع بنية متناثرة، مكدّسة ومتراكبة فوق طبق دائري بحواف مقبض أحمر ونقش مخطط بألوان متعددة. يستقر الطبق فوق سجادة منقوشة وقماش ذهبي مزخرف في الخلفية.
image_179A;image_179B,food_039.png,"Mahyoub(200""CAMAL, wikimedia"")/food_039.png",ef875389ad3a8da7ec32312aa0ae4a4958164a035996501feb14f3e7bfe36774,cuisine,kunafa,,,,https://huggingface.co/datasets/ahmedheakl/arabic_foodvqa,CAMAL_arabic_foodvqa,sha256,,,ai_suggested,mixed200,قطعة كنافة دائرية ناعمة القوام بلون أصفر ذهبي منتظم السطح، تتوسطها كومة صغيرة من الفستق الأخضر المطحون في المركز تمامًا. تستقر القطعة على طبق زجاجي شفاف.
image_180A;image_180B,food_040.jpg,"Mahyoub(200""CAMAL, wikimedia"")/food_040.jpg",16e50b76a87050136ecf851d4fb8099c915c38ac646c8fda2fcec9833efafceb,cuisine,tabbouleh,,,,https://huggingface.co/datasets/ahmedheakl/arabic_foodvqa,CAMAL_arabic_foodvqa,sha256,,,ai_suggested,mixed200,وعاء أبيض يحمل تبولة كثيفة من الأعشاب المفرومة ناعمًا والبرغل، تتناثر فوقها مكعبات طماطم حمراء صغيرة، وتزينها شريحتا ليمون مقطوعتان بجانب بعضهما. يظهر قماش بيج في الزاوية العلوية اليسرى، وغصن بقدونس في اليمنى، وورقة خس في الزاوية السفلية اليسرى.
image_181A;image_181B,food_040.png,"Mahyoub(200""CAMAL, wikimedia"")/food_040.png",b287840d250e75b24df6d829773b814920be3859e8fef16ce1acd8f06be2145f,objects,cooking pot,,Bahrain,,https://huggingface.co/datasets/UBC-NLP/PEARL,PEARL,sha256,,,manual_done,mixed200,قِدر معدني كبير يتصاعد منه بخار كثيف، يحرّك فيه رجل بقبعة سوداء محتوى القِدر بأداة طويلة ذات مقبض. تظهر خلفه أقدار أخرى مشابهة ورجال يعملون داخل مطبخ صناعي بسقف معدني وأضواء معلّقة.
image_182A;image_182B,food_041.jpg,"Mahyoub(200""CAMAL, wikimedia"")/food_041.jpg",55b34c3ad7ff546d3806bb53d6cb9d9fd7cbadcfbea1c3f469aff8075e46f02c,cuisine,halawet_el_jibn,,,,https://huggingface.co/datasets/ahmedheakl/arabic_foodvqa,CAMAL_arabic_foodvqa,sha256,,,ai_suggested,mixed200,قطع حلاوة الجبن البيضاء مستطيلة الشكل مرصوصة فوق طبق فضي مزخرف بنقش دائري، تعلوها رشة من الفستق الأخضر المطحون وقطع صغيرة من مربى أحمر قرمزي. يظهر كوب زجاجي صغير بحافة ذهبية خلف الطبق، فوق سطح خشبي داكن.
image_183A;image_183B,food_041.png,"Mahyoub(200""CAMAL, wikimedia"")/food_041.png",affc5c9dbd001e91bcc5f5fc873da32a72a294ec1417db99df68b423808235e9,cuisine,Kibda,,Sudan,,https://huggingface.co/datasets/UBC-NLP/PEARL,PEARL,sha256,,,manual_done,mixed200,كبدة مقلية بقطع داكنة اللون تميل للأحمر القرمزي، مرصوصة داخل وعاء معدني مقعّر، تزينها أوراق كزبرة خضراء وكتلة بيضاء كريمية. يظهر إلى يسارها طبق أبيض بحافة مضلّعة يحمل صلصة برتقالية، فوق قماش أزرق.
image_184A;image_184B,food_042(1).png,"Mahyoub(200""CAMAL, wikimedia"")/food_042(1).png",136deb374dd0d98b33872b79071dc81811557628f49183d010f3af29835ff447,cuisine,dolma,,,,https://huggingface.co/datasets/ahmedheakl/arabic_foodvqa,CAMAL_arabic_foodvqa,sha256,,,ai_suggested,mixed200,لفافات ورق عنب مكدّسة بشكل مائل فوق بعضها، تُغرَز في بعضها ثلاث أو أربع شوكات صغيرة بمقابض زجاجية شفافة بزاوية مائلة. يستقر الكوم على سطح أبيض مبلّط بنقشة معينات متكررة.
image_185A;image_185B,food_042.png,"Mahyoub(200""CAMAL, wikimedia"")/food_042.png",e51aaf82d51cb47edcf97d05e2560b42aa653478b764a034d58f90c984cb9dcb,cuisine,omani_halwa,,Oman,,https://huggingface.co/datasets/UBC-NLP/PEARL,PEARL,sha256,,,ai_suggested,mixed200,حلوى عمانية بلون برتقالي ذهبي، يعلوها لوز مقشور وشرائح فستق أخضر وخيوط زعفران حمراء متناثرة. يد ترفع غطاء فضيًا مقببًا عن الصينية الدائرية التي تستقر فيها.
image_186A;image_186B,food_043.jpg,"Mahyoub(200""CAMAL, wikimedia"")/food_043.jpg",8229d6b1fb9b45bf893afa492eb095c72cf461a2cb99ad902d8f3d0fcc32c450,cuisine,manakish,,,,https://huggingface.co/datasets/ahmedheakl/arabic_foodvqa,CAMAL_arabic_foodvqa,sha256,,,ai_suggested,mixed200,أقراص مناقيش متراكبة فوق بعضها بإحكام، بعضها مغطى بطبقة داكنة من الزعتر والسمسم، وبعضها الآخر بجبن أبيض ذائب. تملأ الأقراص معظم الإطار، ويظهر سطح خشبي عند الحافة السفلية اليمنى.
image_187A;image_187B,food_043.png,"Mahyoub(200""CAMAL, wikimedia"")/food_043.png",87ab94304bcc6a29853b38d7c6ebb55eef82f094df0895518d5c8b2d6cf35b36,cuisine,fattoush,,Jordan,,https://huggingface.co/datasets/UBC-NLP/PEARL,PEARL,sha256,,,ai_suggested,mixed200,سلطة فتوش مكوّنة من خضار مفرومة ناعمًا: طماطم حمراء وخيار أخضر وبصل أبيض وبقدونس، ممزوجة بقطع خبز محمّص مقرمشة ذهبية اللون. تتكوم السلطة فوق طبق أبيض مربّع فوق طاولة خشبية بنية.
image_188A;image_188B,food_044(1).png,"Mahyoub(200""CAMAL, wikimedia"")/food_044(1).png",cc6e501a7f1b3fb376334b7d69cae6d9d611ed34cad831c8ff80b651e9f67d6c,cuisine,harees,,Saudi_Arabia,,https://huggingface.co/datasets/UBC-NLP/PEARL,PEARL,sha256,,,ai_suggested,mixed200,هريس بقوام سائل كريمي شاحب اللون في وعاء أبيض بنقشة أزهار وردية، يستقر على صحن مطابق النقش. بجانبه صحن صغير يحمل قطع فاكهة مغطاة بشراب عنبري اللون، وملعقة معدنية إلى يمينه، فوق مفرش مطرز.
image_189A;image_189B,food_044.png,"Mahyoub(200""CAMAL, wikimedia"")/food_044.png",c0bb73a9698f5bd62cb1df1f779bc841a992b6f521cc3f15bd7738ffcfd7f1ef,cuisine,falafel,,,,https://huggingface.co/datasets/ahmedheakl/arabic_foodvqa,CAMAL_arabic_foodvqa,sha256,,,ai_suggested,mixed200,أقراص فلافل مسطحة الشكل مرصوصة فوق أوراق خس مموّجة الحواف، تتخللها شرائح فجل أحمر دائرية. يستقر الطبق على سطح خشبي بني، ويظهر قماش أبيض في الزاوية العلوية اليسرى.
image_190A;image_190B,food_045(1).png,"Mahyoub(200""CAMAL, wikimedia"")/food_045(1).png",cf3e55e3f88295ed0d75cb405bbde3c8e59658026505d0eb23f49d192c619f79,cuisine,Ka'ak Asfar,,Jordan,,https://huggingface.co/datasets/UBC-NLP/PEARL,PEARL,sha256,,,manual_done,mixed200,كعك أصفر دائري بسطح لامع مرشوش بحبة سوداء متناثرة بكثافة، وخطوط بنية داكنة تتخلل العجينة الذهبية. يستقر الكعك فوق طبق أبيض بحافة منقوشة برسومات فراولة حمراء وأوراق خضراء.
image_191A;image_191B,food_045.png,"Mahyoub(200""CAMAL, wikimedia"")/food_045.png",da0a3311f7e732cb4b018141eeaa23ffb11d5975bb6bb62bded204af7fc704a5,cuisine,mahshi,,,,https://huggingface.co/datasets/ahmedheakl/arabic_foodvqa,CAMAL_arabic_foodvqa,sha256,,,ai_suggested,mixed200,طبق دائري يجمع خضارًا محشية متنوعة: لفافات ورق عنب داكنة، وقرون كوسا أو باذنجان خضراء وأرجوانية اللون، وحبة فلفل أحمر واحدة، مرصوصة معًا بكثافة. يستقر الطبق فوق قماش أحمر منقوش بأزهار داكنة.
image_192A;image_192B,food_046(1).png,"Mahyoub(200""CAMAL, wikimedia"")/food_046(1).png",877fa3bf632d505d475c46a082f9943088f65b0418f00e73a7b18f7e5b5d83d6,cuisine,katayef,,,,https://huggingface.co/datasets/ahmedheakl/arabic_foodvqa,CAMAL_arabic_foodvqa,sha256,,,ai_suggested,mixed200,قطع قطايف مطوية على شكل هلال ومغلقة الأطراف، بلون بني ذهبي، إحداها مقطوعة تكشف حشوة من الجوز المطحون بداخلها. تستقر القطع فوق سطح مخطط بلونين برتقالي وأبيض.
image_193A;image_193B,food_046.png,"Mahyoub(200""CAMAL, wikimedia"")/food_046.png",cd59a7749da3adf275daab745f68b542b3b41ec0b863b2296952664ccfd122ee,cuisine,shish_tawook,,Jordan,,https://huggingface.co/datasets/UBC-NLP/PEARL,PEARL,sha256,,,ai_suggested,mixed200,قطع شيش طاووق برتقالية اللون مغطاة بتتبيلة حمراء فاتحة، مثبَّتة على أسياخ معدنية طويلة داخل صينية معدنية. تظهر حبة طماطم في الزاوية العلوية اليمنى، وحاوية برتقالية اللون إلى اليسار.
image_194A;image_194B,food_047.jpg,"Mahyoub(200""CAMAL, wikimedia"")/food_047.jpg",7f924c49ab7cabbaa3c3b1fd84ab72d665a37b98db02504e0aa2e3aa68c9f56d,cuisine,Bulgur Salad,,,,https://huggingface.co/datasets/ahmedheakl/arabic_foodvqa,CAMAL_arabic_foodvqa,sha256,,,manual_done,mixed200,سلطة برغل محمر اللون مغطاة بقطع جبن أبيض مفتت وأعشاب خضراء مفرومة، بجانبها شريحتا ليمون أصفر. يظهر طبق مزخرف بنقشة أوراق خضراء وبصل أرجواني في الخلفية، وشوكة معدنية.
image_195A;image_195B,food_047.png,"Mahyoub(200""CAMAL, wikimedia"")/food_047.png",82a936f62666ca2ada60309ee1e0f32dfb5cca006c45320d2fcef907aebf4800,cuisine,mansaf,,Jordan,,https://huggingface.co/datasets/UBC-NLP/PEARL,PEARL,sha256,,,ai_suggested,mixed200,طبق منسف بأرز أصفر بيضاوي الشكل يعلوه قطع لحم مع شرائح لوز محمّص وأعشاب خضراء مفرومة. أمام الطبق مباشرة وعاء أبيض دائري يحوي حساءً كريمي اللون فاتحًا. يستقر المشهد فوق مفرش قماشي أزرق منقوش بالزهور.
image_196A;image_196B,food_048(1).png,"Mahyoub(200""CAMAL, wikimedia"")/food_048(1).png",33ef65068aa70e987147a6691fe0f76dd6e52c8fa6cc0b95430ac6b8be52dce7,cuisine,falafel,,,,https://huggingface.co/datasets/ahmedheakl/arabic_foodvqa,CAMAL_arabic_foodvqa,sha256,,,ai_suggested,mixed200,أقراص فلافل مسطحة بقشرة بنية داكنة موزعة فوق طبق أبيض مبطّن بأوراق خس، تتوسطها شرائح فجل أحمر. يستقر الطبق فوق سطح خشبي.
image_197A;image_197B,food_048.png,"Mahyoub(200""CAMAL, wikimedia"")/food_048.png",5f254b9fad2c28c063c33e6bbd4fbdfb1b9555ff2e58a05117e545c00e472726,cuisine,Kubbanah,,Yemen,,https://huggingface.co/datasets/UBC-NLP/PEARL,PEARL,sha256,,,manual_done,mixed200,رغيف كبانة دائري بسطح علوي مقسّم إلى فقاعات متلاصقة بلون بني ذهبي، تعلوه قشرة محمّرة داكنة عند الحواف. قُطعت منه شريحة تكشف عجينة بيضاء إسفنجية القوام من الداخل. يستقر الرغيف على طبق معدني، بجانب وعاء معدني دائري يحوي قطعة صغيرة مثبَّتة بعود أحمر.
image_198A;image_198B,food_049(1).png,"Mahyoub(200""CAMAL, wikimedia"")/food_049(1).png",128ac72821e3735835898f26ebd3e6b22b2443907742b141d01a848fc3442b8d,cuisine,dolma,,,,https://huggingface.co/datasets/ahmedheakl/arabic_foodvqa,CAMAL_arabic_foodvqa,sha256,,,ai_suggested,mixed200,لفافات ورق عنب خضراء داكنة مختلطة بخضروات محشوة أخرى بدرجات لونية بين الأخضر الفاتح والأحمر، مرصوصة معًا فوق طبق أبيض بيضاوي. تظهر أطباق إضافية في الخلفية العلوية.
image_199A;image_199B,food_049.png,"Mahyoub(200""CAMAL, wikimedia"")/food_049.png",01b1f6f51f9a46ed4f52af42494c2584aeb5a2365c985eebae6125ac9b6d41ef,cuisine,fattoush,,Jordan,,https://huggingface.co/datasets/UBC-NLP/PEARL,PEARL,sha256,,,ai_suggested,mixed200,سلطة فتوش في وعاء زجاجي، تجمع خضارًا مفرومة من طماطم وخيار وبصل مع أعشاب خضراء وفيرة من نعناع وبقدونس، وقطع خبز محمّص بنية ذهبية متناثرة بينها. يظهر مفرش ملوّن في الخلفية.
image_200A;image_200B,food_050(1).png,"Mahyoub(200""CAMAL, wikimedia"")/food_050(1).png",f19d89a2eabae3d0e9cc9f72d309e8fd04ed36c94047464f49049dca5e46fdf1,cuisine,galayet_bandora,,Jordan,,https://huggingface.co/datasets/UBC-NLP/PEARL,PEARL,sha256,,,ai_suggested,mixed200,قلاية بندورة تُطهى داخل مقلاة سوداء مسطحة بمقبضين خشبيين، تعلوها فقاعات وبخار من صلصة الطماطم الحمراء المطبوخة مع قطع فلفل أخضر. تستقر المقلاة فوق حلقة من الحجارة الصحراوية تشتعل تحتها نار مباشرة بجذوع خشبية.
image_201A;image_201B,food_050.png,"Mahyoub(200""CAMAL, wikimedia"")/food_050.png",8c78f72ea1536c5156ca2f21e36f05fa0166e86d8eb7ec2e5adbe77f234ecdb4,cuisine,kebab,,,,https://huggingface.co/datasets/ahmedheakl/arabic_foodvqa,CAMAL_arabic_foodvqa,sha256,,,ai_suggested,mixed200,أربع قطع كباب أسطوانية بنية اللون مصفوفة فوق طبق أخضر، بجانبها شريحة طماطم وحلقات بصل أبيض وورقة نعناع. يظهر وعاء صلصة صغير في الزاوية العلوية اليسرى.
image_202A;image_202B,food_051.jpg,"Mahyoub(200""CAMAL, wikimedia"")/food_051.jpg",7cb16892d409d86bb48fd29b7f11df7cc51373587ddac66c42f788b43b0e27a1,cuisine,musakhan,,,,https://huggingface.co/datasets/ahmedheakl/arabic_foodvqa,CAMAL_arabic_foodvqa,sha256,,,ai_suggested,mixed200,مسخن يتكون من طبقتين متراكبتين من الخبز المسطح المغطى ببصل محمّر داكن مع بهار السماق، تعلوه قطع دجاج محمّرة مرشوشة بمسحوق أحمر وأوراق بقدونس وشرائح لوز مقشور متناثرة بكثافة. يستقر الطبق فوق سطح رخامي أسود، وخلفه إناء خزفي على شكل بومة صغيرة.
image_203A;image_203B,food_051.png,"Mahyoub(200""CAMAL, wikimedia"")/food_051.png",46911d4d5b3c88fdf3787be3354bd9973be609ad3f12611285bab772fd8f7583,cuisine,Shayya,,Sudan,,https://huggingface.co/datasets/UBC-NLP/PEARL,PEARL,sha256,,,manual_done,mixed200,شية، قطع لحم مشوية بلون بني محمّر داكن، مصفوفة داخل صينية معدنية فوق طبقة من الفحم المشتعل الذي يظهر توهجه البرتقالي من تحتها وحوافها.
image_204A;image_204B,food_052(1).png,"Mahyoub(200""CAMAL, wikimedia"")/food_052(1).png",bfd2f47ab5bbce268e4521855b5b9ec7a3acb1493df31136090a44c9b1e6be2e,cuisine,falafel,,,,https://huggingface.co/datasets/ahmedheakl/arabic_foodvqa,CAMAL_arabic_foodvqa,sha256,,,ai_suggested,mixed200,فلافل بشكل حلقي مغطاة بحبات سمسم بيضاء مصفوفة فوق أعشاب خضراء، بجانبها شرائح طماطم حمراء وشرائح مخلل وردي اللون. يظهر خبز في الزاوية العلوية اليسرى، ووعاء أبيض به صلصة ورشة بهار أحمر إلى يسار الفلافل.
image_205A;image_205B,food_052.png,"Mahyoub(200""CAMAL, wikimedia"")/food_052.png",261fe9ed0e6e908691d96adf14dfb42273bd2d6645f0f3c1ebe94cd7078df6a7,cuisine,machboos,,Bahrain,,https://huggingface.co/datasets/UBC-NLP/PEARL,PEARL,sha256,,,ai_suggested,mixed200,طبق مجبوس أبيض دائري يحمل أرزًا تتوزع عليه أرباع دجاج محمّرة بترتيب دائري، تتخللها أنصاف بيض مسلوق وشرائح طماطم وفلفل أخضر حاد ولوز مقشور. يستقر الطبق فوق قماش أخضر داكن لامع، وإلى يساره قطعة زينة ذهبية صغيرة، وإلى يمينه طبق دائري صغير عليه رسم للكعبة المشرفة ومئذنتين.
image_206A;image_206B,food_053(1).png,"Mahyoub(200""CAMAL, wikimedia"")/food_053(1).png",79cb6f12e43d845e64157a3e589af18c10ffd41edfa460235e1fa5d64a2b1338,cuisine,lahm_bi_ajin,,,,https://huggingface.co/datasets/ahmedheakl/arabic_foodvqa,CAMAL_arabic_foodvqa,sha256,,,ai_suggested,mixed200,ثلاثة أقراص لحم بعجين مكدّسة بشكل متدرج، مغطاة بطبقة لحم مفروم بني محمّر مرشوشة بحبات صنوبر. إلى يمينها طبق صغير من الخيار والطماطم المقطعة، وخلفها وعاء أبيض بصلصة كريمية مزينة بزيت زيتون وأعشاب.
image_207A;image_207B,food_053.png,"Mahyoub(200""CAMAL, wikimedia"")/food_053.png",54765a87a73515112961baa9173453c51b96315c7ee56163dcdb0f6cbb29b79e,objects,Kashna,,Bahrain,,https://huggingface.co/datasets/UBC-NLP/PEARL,PEARL,sha256,,,manual_done,mixed200,وعاء معدني دائري كبير يحوي مادة داكنة بنية محمرّة ذات قوام متفتت يشبه الرقائق أو الأعشاب المجففة، تملأ معظم مساحته، ويُرى من الأعلى. تصب يد من الزاوية العلوية اليسرى تيارًا رفيعًا من سائل ذهبي اللون فوق المادة، بينما يظهر في الركن السفلي الأيسر جزء أفتح لونًا لم يُخلط بعد. حواف الوعاء المعدنية اللامعة تحيط بالمشهد.
image_208A;image_208B,food_054(1).png,"Mahyoub(200""CAMAL, wikimedia"")/food_054(1).png",6fbeb25a638cfb6b9a76861f6d44eff8575e6bfadbc9a6fe4d9c5e4bd704c695,cuisine,Hummus Fatteh,,Jordan,,https://huggingface.co/datasets/UBC-NLP/PEARL,PEARL,sha256,,,manual_done,mixed200,فتة حمص دائرية بقاعدة بيضاء، تعلوها حلقة من البصل المقلي المقرمش بلون بني ذهبي، ويتجمع زيت أصفر لامع في وسطها. يستقر الطبق فوق قماش بنفسجي داكن.
image_209A;image_209B,food_054.png,"Mahyoub(200""CAMAL, wikimedia"")/food_054.png",ddb8655e585119732c1a0c63b1d028135b052fa020b9a0c70a705405f349fc31,cuisine,katayef,,,,https://huggingface.co/datasets/ahmedheakl/arabic_foodvqa,CAMAL_arabic_foodvqa,sha256,,,ai_suggested,mixed200,ثلاث قطع قطايف مطوية على شكل هلال، مرشوشة بمسحوق فستق أخضر من الأعلى وحولها على طبق أبيض دائري. يستقر الطبق فوق سطح خشبي بني.
image_210A;image_210B,food_055(1).png,"Mahyoub(200""CAMAL, wikimedia"")/food_055(1).png",3dc93afa2e2912b730ee2f48f0b1178737ecdedfa83f7ded2b07568bf417d018,cuisine,sambusa,,,,https://huggingface.co/datasets/ahmedheakl/arabic_foodvqa,CAMAL_arabic_foodvqa,sha256,,,manual_done,mixed200,سمبوسة مثلثة الشكل ذهبية اللون مكدّسة فوق طبق مزخرف، تحيط بها أوراق نعناع طازجة وبصل أخضر مقطّع. يظهر وعاء صلصة خضراء في الزاوية العلوية اليمنى.
image_211A;image_211B,food_055.png,"Mahyoub(200""CAMAL, wikimedia"")/food_055.png",891178cc1f607dd96932b6f72e3c8a8bbafbe1aeea1ba646e083d142d4c2e9d8,objects,cooking pot,,Bahrain,,https://huggingface.co/datasets/UBC-NLP/PEARL,PEARL,sha256,,,manual_done,mixed200,قِدر نحاسي دائري كبير يحوي سائلًا بنيًا برتقاليًا، يحرّكه رجل بكنزة رمادية ووشاح أحمر وأبيض بعصا خشبية طويلة، ممسكًا بمغرفة معدنية في يده الأخرى. تتدلى خلفه ملابس تقليدية ملونة مطرزة بالذهبي، ويظهر رجلان آخران بلباس أبيض إلى يسار المشهد.
image_212A;image_212B,food_056(1).png,"Mahyoub(200""CAMAL, wikimedia"")/food_056(1).png",56d5b6d0b906fabef764a1469a2c376057f9aafcf25a5b42bfd2030c12dc067a,cuisine,shawarma,,,,https://huggingface.co/datasets/ahmedheakl/arabic_foodvqa,CAMAL_arabic_foodvqa,sha256,,,ai_suggested,mixed200,لفافة شاورما ملفوفة بخبز رقيق يظهر منها شرائح لحم بنية داخل الطية، موضوعة على طبق أبيض مربّع. إلى يسارها شرائح مخلل أصفر اللون، وخلفها كوب زجاجي صغير يحوي صلصة بيضاء.
image_213A;image_213B,food_056.png,"Mahyoub(200""CAMAL, wikimedia"")/food_056.png",b1a09d498616be0c8557a6af689dcb13f99a874922b7e461a27a7019261496f0,cuisine,tagine,,Oman,,https://huggingface.co/datasets/UBC-NLP/PEARL,PEARL,sha256,,,manual_done,mixed200,طاجين فخاري برتقالي اللون بغطاء مخروطي الشكل مغلق تمامًا، بسطح خزفي لامع خفيف اللمعان، يستقر فوق سطح مبلّط بلون وردي فاتح.
image_214A;image_214B,food_057.jpg,"Mahyoub(200""CAMAL, wikimedia"")/food_057.jpg",df6f9b64e1e6605f8abd0539ae57a007840584c57fe30f9c71cd0336c23988d1,cuisine,makdous,,,,https://huggingface.co/datasets/ahmedheakl/arabic_foodvqa,CAMAL_arabic_foodvqa,sha256,,,ai_suggested,mixed200,قطعتا مكدوس على طبق أبيض صغير: إحداهما سليمة بلون بني لامع، والأخرى مقطوعة تكشف حشوة الجوز المطحون والفلفل الأحمر الحاد. يحيط بالطبق حبات جوز بقشرتها وأخرى مقشورة، وفلفلان أحمران طويلان، فوق لوح خشبي دائري.
image_215A;image_215B,food_057.png,"Mahyoub(200""CAMAL, wikimedia"")/food_057.png",15f4c8027ca2f3b7d0c565ec84565eba3bf28966290ec852b7170be29134713a,architecture,Ancient Olive Press,,Jordan,,https://huggingface.co/datasets/UBC-NLP/PEARL,PEARL,sha256,,,manual_done,mixed200,معصرة زيتون أثرية، حجر رحى دائري كبير قائم بين جدران حجرية متهدمة جزئيًا داخل موقع أثري مكشوف. تحيط بالموقع أعشاب صفراء جافة، وتظهر في الخلفية مبانٍ سكنية حديثة تحت سماء زرقاء صافية خالية من الغيوم.
image_216A;image_216B,food_058(1).png,"Mahyoub(200""CAMAL, wikimedia"")/food_058(1).png",6562f46cf3555d7f84ba011edea64fb419ac04638ab9cacf8da53cfadcffff5b,cuisine,Fried Egg with Mahyawa,,Bahrain,,https://huggingface.co/datasets/UBC-NLP/PEARL,PEARL,sha256,,,manual_done,mixed200,بيضة مقلية دائرية الشكل فوق طبق مزخرف بنقش عناقيد عنب أرجوانية وأخضر، مغطاة بطبقة من صلصة داكنة بنية اللون تنتشر فوق سطحها. تقف بجانبها زجاجة بغطاء ذهبي تحوي نفس الصلصة البنية، فوق سطح أبيض.
image_217A;image_217B,food_058.png,"Mahyoub(200""CAMAL, wikimedia"")/food_058.png",f9c10eea84b4000c972471cb91720ea94112f0e90667ec8936aebeada2dd123e,cuisine,kunafa,,,,https://huggingface.co/datasets/ahmedheakl/arabic_foodvqa,CAMAL_arabic_foodvqa,sha256,,,ai_suggested,mixed200,قطعة كنافة دائرية بسطح علوي برتقالي محمّر، تتناثر عليه عناقيد صغيرة من الفستق الأخضر بتوزيع متساوٍ تقريبًا. تظهر طبقة بيضاء أسفل القطعة، وترتفع فوق قاعدة عرض مرتفعة.
image_218A;image_218B,food_059(1).png,"Mahyoub(200""CAMAL, wikimedia"")/food_059(1).png",ab87f29ee349a69d7da5db523db3167cb126ef42e35014b86e466c192f3163fc,cuisine,koshari,,,,https://huggingface.co/datasets/ahmedheakl/arabic_foodvqa,CAMAL_arabic_foodvqa,sha256,,,ai_suggested,mixed200,طبق كشري يجمع أرزًا وعدسًا ومعكرونة في كومة مركزية، تحيط بحوافها حبات حمص صفراء، وتعلوها صلصة طماطم حمراء وطبقة من البصل المقرمش الذهبي. يظهر وعاء إضافي في الخلفية العلوية اليمنى.
image_219A;image_219B,food_059.png,"Mahyoub(200""CAMAL, wikimedia"")/food_059.png",c26705ad896301393a853f692f7e4cc5791532f2ede6613f5045555916c51c24,cuisine,kabsa,,Saudi_Arabia,,https://huggingface.co/datasets/UBC-NLP/PEARL,PEARL,sha256,,,ai_suggested,mixed200,طبق كبسة يحمل أرزًا أبيض مرشوشًا بقطع مشمش مجفف برتقالية اللون وزبيب ذهبي، تتوسطه كومة من قطع لحم بنية مقطّعة مكعبات. يستقر الطبق في وعاء أسود بحافة مذهّبة منقوشة بزخارف نباتية.
image_220A;image_220B,food_060(1).png,"Mahyoub(200""CAMAL, wikimedia"")/food_060(1).png",446ecbc684d191cf7fdef39373534a0ff0ff2d414bfe6adc7e608874322e65bb,cuisine,mansaf,,,,https://huggingface.co/datasets/ahmedheakl/arabic_foodvqa,CAMAL_arabic_foodvqa,sha256,,,ai_suggested,mixed200,طبق منسف دائري يحمل أرزًا أصفر اللون، تعلوه قطع لحم مغطاة بصلصة بيضاء وشرائح لوز وفستق محمّص. تحيط بحافة الطبق أطراف خبز رقيق مطوية للداخل.
image_221A;image_221B,food_060.png,"Mahyoub(200""CAMAL, wikimedia"")/food_060.png",42f33e2e056d785afa33614f948f44a134885b6dcda76ea9de0f3a87d34b8f8e,cuisine,Mullah Rob,,Sudan,,https://huggingface.co/datasets/UBC-NLP/PEARL,PEARL,sha256,,,manual_done,mixed200,ملاح الروب، صلصة كريمية شاحبة اللون تُسكب من مغرفة معدنية داخل وعاء، بقوام سائل ولون أصفر باهت يميل للبياض، تتشكل منه دوائر متموجة عند نقطة السكب.
image_222A;image_222B,food_061.jpg,"Mahyoub(200""CAMAL, wikimedia"")/food_061.jpg",52f80d9455790b513400d5c384ed8b53454462987c8cc2c09aebd3f7b510441b,cuisine,balaleet,,,,https://huggingface.co/datasets/ahmedheakl/arabic_foodvqa,CAMAL_arabic_foodvqa,sha256,,,ai_suggested,mixed200,طبق أسود يحمل بلاليط من الشعيرية الذهبية تُغرَز فيها شوكة فضية، تعلوها قطعة عجة صفراء متهدلة الأطراف. يستقر الطبق فوق قماش رمادي فاتح.
image_223A;image_223B,food_061.png,"Mahyoub(200""CAMAL, wikimedia"")/food_061.png",306f2210b76b08e3286d60ffe0a9bc4488bd158d3738472ffc898bdf113b4b0c,cuisine,Black Mustard Seeds,,Bahrain,,https://huggingface.co/datasets/UBC-NLP/PEARL,PEARL,sha256,,,manual_done,mixed200,حبات دائرية داكنة اللون بين البني المحمر والأرجواني، ذات سطح خشن منقّط، مكدّسة بكثافة تملأ الإطار بالكامل. حبتان منها مشقوقتان تكشفان لبًا أصفر شاحب اللون بداخلهما.
image_224A;image_224B,food_062(1).png,"Mahyoub(200""CAMAL, wikimedia"")/food_062(1).png",5ff029588a1db26a3880a421f1d4a57cb37de279908eb0aa1ef86fbd0fa2ac9b,cuisine,shish_barak,,,,https://huggingface.co/datasets/ahmedheakl/arabic_foodvqa,CAMAL_arabic_foodvqa,sha256,,,ai_suggested,mixed200,شيش برك مطبوخ يطفو جزئيًا فوق سطح حساء أبيض كريمي داخل وعاء أبيض، تظهر أطرافه المغلقة المطوية فوق سطح السائل. تزين الوعاء ورقة نعناع خضراء واحدة.
image_225A;image_225B,food_062.png,"Mahyoub(200""CAMAL, wikimedia"")/food_062.png",0e84af414e8d379b5991537825aa30078ca3f8cb982f55c5a2573eb5a946f076,cuisine,Aseeda,,Yemen,,https://huggingface.co/datasets/UBC-NLP/PEARL,PEARL,sha256,,,manual_done,mixed200,طبق عصيدة دائري كبير يستقر على منضدة صغيرة، تتوسطه حفرة من سائل ذهبي اللون يشبه السمن أو دبس التمر تغرق فيه العجينة البيضاء الشاحبة المحيطة بها. تحيط بحافة الطبق بتلات زهور أرجوانية متناثرة، وتظهر أشكال بشرية في الخلفية.
image_226A;image_226B,food_063(1).png,"Mahyoub(200""CAMAL, wikimedia"")/food_063(1).png",64480eb67a45ecc751c84d70e184a2be80fdcb7e0c5ddb32e66cbb0527bd5f89,cuisine,katayef,,,,https://huggingface.co/datasets/ahmedheakl/arabic_foodvqa,CAMAL_arabic_foodvqa,sha256,,,ai_suggested,mixed200,قطع قطايف مطوية مرصوصة فوق طبق زجاجي شفاف، مغطاة برشة كثيفة من الفستق الأخضر المطحون. يظهر قماش أحمر إلى يسار الطبق فوق سطح داكن اللون.
image_227A;image_227B,food_063.png,"Mahyoub(200""CAMAL, wikimedia"")/food_063.png",f1c88cddaabfdfc2ff6b0ecf7ce094adca25bb9a5846e858c415808669629f8f,cuisine,mutabbaq,,Yemen,,https://huggingface.co/datasets/UBC-NLP/PEARL,PEARL,sha256,,,ai_suggested,mixed200,مطبق مقطّع إلى قطع مستطيلة، بعجينة رقيقة محمّرة الأطراف تحوي حشوة صفراء تتخللها قطع خضراء، مرصوصة بشكل متراكب فوق طبق بيضاوي مزخرف بحافة ذهبية. يحيط بها أرباع ليمون وفلفل أخضر حاد.
image_228A;image_228B,food_064.jpg,"Mahyoub(200""CAMAL, wikimedia"")/food_064.jpg",034d2e8f753510e7705d1f42dcc5c37ea9d4db183ccd2ebb450436cf6826834f,cuisine,balaleet,,,,https://huggingface.co/datasets/ahmedheakl/arabic_foodvqa,CAMAL_arabic_foodvqa,sha256,,,ai_suggested,mixed200,طبق بلاليط بحافة مزخرفة بأشكال هندسية ملونة، يحمل شعيرية ذهبية اللون تعلوها عجة بيضاء مصفرة مطوية بحواف بنية محمّرة. يستقر الطبق فوق سطح خشبي داكن.
image_229A;image_229B,food_064.png,"Mahyoub(200""CAMAL, wikimedia"")/food_064.png",3dadff8f0f81bbf3c7b7a2c2d5de67eecf714f7693ec91b3649df13691f9937b,cuisine,dolma,,Jordan,,https://huggingface.co/datasets/UBC-NLP/PEARL,PEARL,sha256,,,ai_suggested,mixed200,لفافات ورق عنب مرصوصة بكثافة فوق طبق مزخرف بنقشين فيروزي ووردي، تعلوها شرائح طماطم حمراء وحلقات بصل أبيض شفافة موزعة بشكل غير منتظم. يظهر وعاء صغير في الزاوية العلوية اليسرى.
image_230A;image_230B,food_065(1).png,"Mahyoub(200""CAMAL, wikimedia"")/food_065(1).png",853de58b67cc787413a10b87e98b69a952f5ffaa8bd99d97dc1e2a54852e2b73,cuisine,lahoh,,Yemen,,https://huggingface.co/datasets/UBC-NLP/PEARL,PEARL,sha256,,,ai_suggested,mixed200,قرص لحوح واحد ترفعه يد من الأسفل، يُظهر نسيجه المليء بثقوب صغيرة متناثرة بألوان بنية فاتحة وداكنة على خلفية سوداء بالكامل.
image_231A;image_231B,food_065.png,"Mahyoub(200""CAMAL, wikimedia"")/food_065.png",f2f1c0b58eb91169ac797dcf81c3aacc27704c3ab141540a418c01d4392c1256,cuisine,roz_bi_laban,,,,https://huggingface.co/datasets/ahmedheakl/arabic_foodvqa,CAMAL_arabic_foodvqa,sha256,,,ai_suggested,mixed200,كوبان أبيضان يحملان رز بلبن، سطحه أبيض كريمي مرشوش بقطع فستق أخضر متناثرة في نقاط متفرقة على كل كوب. يستقر الكوبان متجاورين فوق سطح فاتح اللون.
image_232A;image_232B,food_066.jpg,"Mahyoub(200""CAMAL, wikimedia"")/food_066.jpg",c52d1038fe13d53703c0356a567e7c4508fcae05d3359854e88f6f3242ddee78,cuisine,Bulgur Salad,,,,https://huggingface.co/datasets/ahmedheakl/arabic_foodvqa,CAMAL_arabic_foodvqa,sha256,,,manual_done,mixed200,قرص مدوّر من سلطة البرغل يحوي حبيبات برغل فاتحة اللون وقطع خضار ملونة وحبات زبيب أسود، تعلوه أوراق ريحان خضراء. يستقر القرص على طبق زجاجي، وتظهر شرائح خبز محمّص في الخلفية.
image_233A;image_233B,food_066.png,"Mahyoub(200""CAMAL, wikimedia"")/food_066.png",038caa2f2cc70a44f9c33c963c13be9e1a021313d586d8b118af2223466b05d6,cuisine,dolma,,Jordan,,https://huggingface.co/datasets/UBC-NLP/PEARL,PEARL,sha256,,,ai_suggested,mixed200,سبع لفافات من ورق عنب داكن مرصوصة في كومة مرتبة، بجانبها شريحة ليمون أصفر مقطوعة على شكل هلال. يستقر الطبق ذو الحافة المذهّبة والزهور الوردية فوق مفرش أبيض مطرز.
image_234A;image_234B,food_067.jpg,"Mahyoub(200""CAMAL, wikimedia"")/food_067.jpg",f8ff861323a901ff3378d4fdf9c45abe701955696085754e842c7fc52639d999,cuisine,halawet_el_jibn,,,,https://huggingface.co/datasets/ahmedheakl/arabic_foodvqa,CAMAL_arabic_foodvqa,sha256,,,ai_suggested,mixed200,قطعتان من حلاوة الجبن مطويتان بشكل يكشف حشوة القشطة البيضاء عند الفتحة، مرشوشتان بمسحوق الفستق الأخضر وقطع حمراء صغيرة فوقهما. تستقران على طبق أبيض فارغ الخلفية.
image_235A;image_235B,food_067.png,"Mahyoub(200""CAMAL, wikimedia"")/food_067.png",e69ec07519c65be6efe60b3a0bc02f935d997995df306fc51b01cebaeff9f149,cuisine,katayef,,Jordan,,https://huggingface.co/datasets/UBC-NLP/PEARL,PEARL,sha256,,,ai_suggested,mixed200,قطع قطايف مطوية على شكل هلال، بلون بني ذهبي محمّر عند الأطراف، مرشوشة بمزيج من الفستق الأخضر المطحون وبهار بني داكن. تتراص القطع بكثافة فوق سطح أبيض يظهر القليل منه بين الفجوات.
image_236A;image_236B,food_068(1).png,"Mahyoub(200""CAMAL, wikimedia"")/food_068(1).png",69e93178addf4f04309816302391dc774872f75b1fedb41640270539e3c21982,cuisine,mansaf,,Jordan,,https://huggingface.co/datasets/UBC-NLP/PEARL,PEARL,sha256,,,ai_suggested,mixed200,قطع لحم منسف بعظم ظاهر تتخللها حبات لوز محمّص وبقدونس أخضر مفروم، مرصوصة بكثافة فوق أرز أصفر فاتح اللون يملأ معظم الإطار دون ظهور حواف الطبق.
image_237A;image_237B,food_068.png,"Mahyoub(200""CAMAL, wikimedia"")/food_068.png",1c96ebcc3661bc51c0cd78b96a3bfaf641521cea4f3e0d81a0eed488eea3629b,cuisine,kunafa,,,,https://huggingface.co/datasets/ahmedheakl/arabic_foodvqa,CAMAL_arabic_foodvqa,sha256,,,ai_suggested,mixed200,صينية معدنية كبيرة من الكنافة المبروشة بلون برتقالي محمّر، مقطّعة إلى قطع مثلثة، تعلوها كتل سخية من الفستق الأخضر المطحون موزعة على كل قطعة.
image_238A;image_238B,food_069.jpg,"Mahyoub(200""CAMAL, wikimedia"")/food_069.jpg",4231741dbae9ce1a343f23d2d8f4a79d0b582df8fd9a8741fb576d1e1917e511,cuisine,dolma,,,,https://huggingface.co/datasets/ahmedheakl/arabic_foodvqa,CAMAL_arabic_foodvqa,sha256,,,ai_suggested,mixed200,لوح خشبي يعرض مراحل تحضير ورق العنب: صفان من اللفافات الجاهزة يمتدان من الجانبين، بينما تتوسط اللوح ورقة عنب مفردة موضوعة عليها كومة صغيرة من حشوة الأرز الحمراء قبل لفها، وورقة أخرى غير محشوة بجذعها الوردي في الزاوية العلوية اليمنى. الخلفية سوداء داكنة.
image_239A;image_239B,food_069.png,"Mahyoub(200""CAMAL, wikimedia"")/food_069.png",7bfde9b0533f1e280d23770b4c6683329456d40783607290e08dcbe3b26d562b,cuisine,Aseeda with Chicken,,Saudi_Arabia,,https://huggingface.co/datasets/UBC-NLP/PEARL,PEARL,sha256,,,manual_done,mixed200,عصيدة بالدجاج، عجينة بيج شاحبة تملأ مقلاة سوداء دائرية، تعلوها قطع دجاج مغطاة بصلصة صفراء زاهية اللون مائلة للكركم، تتوزع بشكل غير متساوٍ فوق العجينة. يستقر غطاء منسوج أحمر وأسود بنقش متعرج إلى يمين المقلاة، وتظهر أطباق مزهّرة في الخلفية.
image_240A;image_240B,food_070(1).png,"Mahyoub(200""CAMAL, wikimedia"")/food_070(1).png",56bbf023f81d8a7f39db9c32312d8677d9b781ec550b32f25df7afedb0907638,,Hasawi Rice Farms,,Saudi_Arabia,,https://huggingface.co/datasets/UBC-NLP/PEARL,PEARL,sha256,,,EXCLUDE,mixed200,
image_241A;image_241B,food_070.png,"Mahyoub(200""CAMAL, wikimedia"")/food_070.png",d0da318911b4704a88de459486df086ca84ee0cadfcfc907b05dfd64f4d07f1d,cuisine,biryani,,,,https://huggingface.co/datasets/ahmedheakl/arabic_foodvqa,CAMAL_arabic_foodvqa,sha256,,,ai_suggested,mixed200,طبق برياني يحمل قطعة دجاج واحدة بجلد بني محمّر داكن فوق أرز برتقالي زاهي مبهّر، تتناثر بين حباته نجمات يانسون كاملة. يستقر الطبق فوق سطح خشبي داكن.
image_242A;image_242B,food_071.jpg,"Mahyoub(200""CAMAL, wikimedia"")/food_071.jpg",cf2be81452fa6e57cf77c9f48d98a09dbba303915b049ba2d2c0d7f5ca851fc9,cuisine,sheikh_el_mahshi,,,,https://huggingface.co/datasets/ahmedheakl/arabic_foodvqa,CAMAL_arabic_foodvqa,sha256,,,ai_suggested,mixed200,شيخ المحشي، باذنجانة كاملة محمّصة داكنة القشرة، مشقوقة طوليًا وتكشف حشوة من اللحم المفروم المتبّل مرشوشة بحبات صنوبر وأعشاب نعناع مفرومة. تحيط بالباذنجانة صلصة طماطم حمراء وقطرات زيت زيتون، ويظهر برغل أصفر مطهو إلى يسار الطبق المزخرف بنقش هندسي رمادي.
image_243A;image_243B,food_071.png,"Mahyoub(200""CAMAL, wikimedia"")/food_071.png",de2a9d52bf8472c0fba10e600b39164215e57b67e8d33a256168355882e6875f,cuisine,fattoush,,Jordan,,https://huggingface.co/datasets/UBC-NLP/PEARL,PEARL,sha256,,,ai_suggested,mixed200,سلطة فتوش تحوي قطع طماطم حمراء وخيار أخضر وفجل وأعشاب كزبرة ونعناع مفرومة، تتوزع بينها مثلثات خبز محمّص محروقة الأطراف قليلًا. تتوسط السلطة شريحة ليمون مرشوشة بالسماق الأحمر، وتحيط بالحافة أوراق خس وحلقات بصل أخضر، فوق وعاء زجاجي وخلفية سوداء.
image_245A;image_245B,food_072.png,"Mahyoub(200""CAMAL, wikimedia"")/food_072.png",91f2d7339aa6b85b43d36aa41891cbc7151e7abe19f5a01110e20086eebcb5d3,cuisine,Pelmeni,,,,https://huggingface.co/datasets/ahmedheakl/arabic_foodvqa,CAMAL_arabic_foodvqa,sha256,,,EXCLUDE,mixed200,
image_246A;image_246B,food_073.jpg,"Mahyoub(200""CAMAL, wikimedia"")/food_073.jpg",c063dddc4294736905370f9f10fcea261e30e2caf6b2c4e1cdf3e0c0fce2762a,cuisine,manakish,,,,https://huggingface.co/datasets/ahmedheakl/arabic_foodvqa,CAMAL_arabic_foodvqa,sha256,,,ai_suggested,mixed200,قرص مناقيش دائري مغطى بالكامل بخليط داكن من الزعتر، يقطعه من المنتصف شريط مائل من حبات زيتون أخضر وشرائح طماطم كرزية حمراء وشرائح خيار خضراء متتالية. يستقر القرص على لوح خشبي دائري، وتحيط به عناقيد طماطم كرزية على أغصانها ووعاء صغير من كرات جبن بيضاء.
image_247A;image_247B,food_073.png,"Mahyoub(200""CAMAL, wikimedia"")/food_073.png",56b98f695b9e2a58fcb293c020bd9481e1194afeb41f2626e742604636752014,cuisine,Aseeda,,Saudi_Arabia,,https://huggingface.co/datasets/UBC-NLP/PEARL,PEARL,sha256,,,manual_done,mixed200,عصيدة بنية اللون مستديرة الشكل، بحفرة صغيرة في المنتصف يتجمع فيها زيت ذهبي شفاف. تستقر فوق طبق أبيض مثمّن الأضلاع منقوش بأزهار وردية وزرقاء.
image_248A;image_248B,food_074(1).png,"Mahyoub(200""CAMAL, wikimedia"")/food_074(1).png",7ecd7281d1dadc9adf6dbadfa87ee2803315abd6aecd7b0600b1988773f0a547,cuisine,dolma,,Jordan,,https://huggingface.co/datasets/UBC-NLP/PEARL,PEARL,sha256,,,ai_suggested,mixed200,طبق مستطيل يحمل صفًا من لفافات ورق عنب داكنة اللون ولامعة، بجانبه شوكة وسكين معدنيتان. إلى يمينه وعاء أبيض مربّع يحمل سلطة خضراء مفرومة بها قطع طماطم وبرغل. أمامهما كوب زجاجي فارغ من الماء، وخلف الطاولة موقد حطب مضاء تظهر منه ألسنة نار برتقالية، وأريكة مخططة في الخلفية.
image_249A;image_249B,food_074.png,"Mahyoub(200""CAMAL, wikimedia"")/food_074.png",bd997027678b1656af4d3bfe982866dc3585b35d5017185ff4a4985b7ba5907a,cuisine,shawarma,,,,https://huggingface.co/datasets/ahmedheakl/arabic_foodvqa,CAMAL_arabic_foodvqa,sha256,,,ai_suggested,mixed200,قطع شاورما مقطّعة إلى أجزاء أسطوانية مصفوفة في صف واحد فوق طبق أبيض دائري. تحيط بها شرائح طماطم حمراء وشرائح مخلل أخضر، ويظهر عند الحافة العلوية للطبق وعاء أبيض صغير للصلصة.
image_250A;image_250B,food_075(1).png,"Mahyoub(200""CAMAL, wikimedia"")/food_075(1).png",fc8773662180f0008937c9d18bde85ed4685fd913d9c05dc851596087bff4c9b,architecture,Byzantine Mosaic,,Jordan,,https://huggingface.co/datasets/UBC-NLP/PEARL,PEARL,sha256,,,manual_done,mixed200,فسيفساء بيزنطية بألوان صفراء وذهبية داكنة، تصوّر وجه رجل ملتحٍ بشعر مجعّد يعلوه نص منقوش بحروف يونانية، تحيط به أشكال حيوانية متعرجة على الجانبين. تؤطر الفسيفساء أشرطة حمراء داكنة من الأعلى والأسفل.
image_251A;image_251B,food_075.png,"Mahyoub(200""CAMAL, wikimedia"")/food_075.png",5e16d9178dc72d917fc637e68ae570e3cfacd2a478b7e9410efc83b328fa8b78,cuisine,shish_barak,,,,https://huggingface.co/datasets/ahmedheakl/arabic_foodvqa,CAMAL_arabic_foodvqa,sha256,,,ai_suggested,mixed200,شيش برك مطبوخ يطفو بكثرة فوق سطح حساء أبيض كريمي القوام داخل وعاء دائري أبيض، تظهر عليه رشة خفيفة من أعشاب خضراء مفرومة.
image_252A;image_252B,food_076(1).png,"Mahyoub(200""CAMAL, wikimedia"")/food_076(1).png",137b3e04b5063834fdd7f37e51a6990a5d83155bb01e7e02566890cd11f054cc,cuisine,koshari,,,,https://huggingface.co/datasets/ahmedheakl/arabic_foodvqa,CAMAL_arabic_foodvqa,sha256,,,ai_suggested,mixed200,كومة كشري صغيرة من الأرز والمعكرونة، تحيط بقاعدتها حبات حمص صفراء وقطع طماطم حمراء صغيرة، وتعلوها صلصة حمراء مع قطع محمّرة داكنة. تظهر زجاجة صلصة وملعقة معدنية في الخلفية، فوق سطح مبلّط أبيض.
image_253A;image_253B,food_076.png,"Mahyoub(200""CAMAL, wikimedia"")/food_076.png",24b2fd3a119104fca52003f3efd09dcc175ba5b302a7364e9426441fd5e66360,cuisine,farika,,Jordan,,https://huggingface.co/datasets/UBC-NLP/PEARL,PEARL,sha256,,,manual_done,mixed200,فريكة خضراء مصفرة اللون داخل مقلاة سوداء، تعلوها كومة كثيفة من البصل المقلي الذهبي المحمّر عند الأطراف. تستقر المقلاة فوق قماش رمادي وبرتقالي متموج النقش.
image_254A;image_254B,food_077(1).png,"Mahyoub(200""CAMAL, wikimedia"")/food_077(1).png",38a6487fda0b74f9d3cdf26905669aa1d7d1dd0aab56bdf2b0dcf04eb35ac235,cuisine,kunafa,,,,https://huggingface.co/datasets/ahmedheakl/arabic_foodvqa,CAMAL_arabic_foodvqa,sha256,,,manual_done,mixed200,قطعتان من الكنافة الملفوفة على شكل أسطواني، بقشرة خارجية ذهبية برتقالية من الخيوط المبروشة، تعلو كل واحدة نقطة من الفستق الأخضر المطحون. تستقران على طبق أبيض.
image_255A;image_255B,food_077.png,"Mahyoub(200""CAMAL, wikimedia"")/food_077.png",05946a4dfb6403efe0f4ec9d9b642fda732d36d1a81b55c420e8bfa6b147e96b,cuisine,tabbouleh,,Jordan,,https://huggingface.co/datasets/UBC-NLP/PEARL,PEARL,sha256,,,ai_suggested,mixed200,تبولة داكنة الخضرة معروضة داخل وعاء بحافة مموّجة على شكل صدفة، تحيط بها أوراق خس مطوية وشرائح ليمون مرتبة بالتناوب حول الحافة الخارجية. يظهر بجانب الوعاء أطباق أخرى تحوي معجنات ملفوفة على الجانبين.
image_256A;image_256B,food_078(1).png,"Mahyoub(200""CAMAL, wikimedia"")/food_078(1).png",2ed6fe258903f6939de64f34c0b294bf8525dd51c8d8ab2b3df373a6dae7929c,cuisine,lahm_bi_ajin,,,,https://huggingface.co/datasets/ahmedheakl/arabic_foodvqa,CAMAL_arabic_foodvqa,sha256,,,ai_suggested,mixed200,أقراص لحم بعجين عديدة مصفوفة بترتيب دائري متراكب حول مركز الطبق الداكن، تتوسطها حزمة من أوراق البقدونس الطازج. تظهر حواف العجين الذهبية بارزة من تحت طبقة اللحم المفروم الكثيفة.
image_257A;image_257B,food_078.png,"Mahyoub(200""CAMAL, wikimedia"")/food_078.png",49caffef7b724c88a17254fb97b2c9131da9220bb3d1370e09c1a5125bbab0d5,cuisine,manakish,,Jordan,,https://huggingface.co/datasets/UBC-NLP/PEARL,PEARL,sha256,,,ai_suggested,mixed200,صينية مستطيلة بيضاء تحمل أقراص مناقيش صغيرة متنوعة التغطية، بعضها بزعتر داكن وبعضها بجبن أبيض منقط بحبة سوداء، مصفوفة بشكل متداخل. إلى يسارها طبق دائري بشرائح طماطم وخيار، وفي المقدمة قرص أكبر مغطى بجبن ذائب فوق طبقة حمراء. يظهر كوب شاي شفاف بأوراق نعناع إلى اليمين، فوق طاولة خشبية داكنة.
image_258A;image_258B,food_079(1).png,"Mahyoub(200""CAMAL, wikimedia"")/food_079(1).png",c0260123008b5c3acceac9471d81a0b1140b4b7f29b6be9da23fce519b4b78ee,cuisine,shawarma,,,,https://huggingface.co/datasets/ahmedheakl/arabic_foodvqa,CAMAL_arabic_foodvqa,sha256,,,ai_suggested,mixed200,لفافتا شاورما فوق ورق أبيض، إحداهما مقطوعة بشكل مائل تكشف حشوة من قطع دجاج ومخلل، ويُرش فوقها بقدونس مفروم. بجانبهما وعاء أبيض صغير يحوي صلصة بيضاء. يستقر الطبق على سطح خشبي بني.
image_259A;image_259B,food_079.png,"Mahyoub(200""CAMAL, wikimedia"")/food_079.png",e1f98c539a6e9ee0a94f823058388955bb4e5140f450189944c4c7ae4947da54,cuisine,Mujadara,,Jordan,,https://huggingface.co/datasets/UBC-NLP/PEARL,PEARL,sha256,,,manual_done,mixed200,مجدرة، طبق دائري أسود يحمل خليط أرز وعدس أصفر اللون مغطى ببصل مقلي بني ذهبي مقرمش. يستقر الطبق فوق حصيرة قش دائرية، وخلفه إبريق شاي معدني بين كوبي شاي زجاجيين، وملعقة معدنية في المقدمة.
image_260A;image_260B,food_080(1).png,"Mahyoub(200""CAMAL, wikimedia"")/food_080(1).png",524acca9025a921a7f4ce7a8a0a33e2d2496014be6ba9c6a93f1eb0dffd58fd3,cuisine,dolma,,Jordan,,https://huggingface.co/datasets/UBC-NLP/PEARL,PEARL,sha256,,,ai_suggested,mixed200,طاولة مليئة بالأطباق حول صحن بيضاوي مركزي يحمل قطع دجاج محمّرة فوق كومة من ورق العنب المحشو وخيار مخلل. تحيط به أوعية حساء بها ذرة وجزر عند الزاويتين السفليتين، وصحن مربّع من السلطة الخضراء المفرومة في الأعلى، وطبق كبة مقلية خلفه. يتوسط مقدمة الطاولة صحن دائري صغير من التمر الأسود، وتحيط بالمائدة أكواب ورقية وأطباق فارغة.
image_261A;image_261B,food_080.png,"Mahyoub(200""CAMAL, wikimedia"")/food_080.png",3b290a765feeeec97f2f977cece100e79a8e1c2ddd64eb831f109395ec8c4a2c,cuisine,kibbeh,,,,https://huggingface.co/datasets/ahmedheakl/arabic_foodvqa,CAMAL_arabic_foodvqa,sha256,,,ai_suggested,mixed200,قطع كبة مقلية بقشرة خارجية محمّصة مرتبة في طبقتين متراكبتين، بحيث تتجه أطرافها المدببة إلى الخارج مشكّلة زهرة متعددة البتلات، فوق طبق دائري بني اللون.
image_262A;image_262B,food_081(1).png,"Mahyoub(200""CAMAL, wikimedia"")/food_081(1).png",f32e9a75ed8617a5726e5adc013489e207d4c2592bbfe5d899b0c21e5a0f2f7c,cuisine,injera,,Sudan,,https://huggingface.co/datasets/UBC-NLP/PEARL,PEARL,sha256,,,ai_suggested,mixed200,إنجيرا، خبز إسفنجي ملفوف بألوان بنية وبيج متدرجة، ذو نسيج مليء بثقوب دقيقة متجانسة، مكدّس بكثافة يملأ معظم الإطار. تظهر خلفه أوعية صغيرة بصلصة حمراء وأخرى خضراء، وشرائح خبز محمّص في الزاوية اليسرى.
image_263A;image_263B,food_081.png,"Mahyoub(200""CAMAL, wikimedia"")/food_081.png",1989da0905869145a9b3273a382288eaf3e669511096ee74edef328879b68194,cuisine,kabsa,,,,https://huggingface.co/datasets/ahmedheakl/arabic_foodvqa,CAMAL_arabic_foodvqa,sha256,,,ai_suggested,mixed200,طبق كبسة دائري أبيض يحمل أرزًا برتقاليًا محمّرًا كثيف الحبيبات، تتوسطه دجاجة كاملة محمّرة اللون بقشرة ذهبية لامعة فوق سرير الأرز. الطبق يستقر فوق خلفية داكنة اللون.
image_264A;image_264B,food_082.jpg,"Mahyoub(200""CAMAL, wikimedia"")/food_082.jpg",22652f9e18c6cec8698d4c4de92b9b3fbf5e3bab7bdb81303c6d02383876d25b,cuisine,Bastilla,,,,https://huggingface.co/datasets/ahmedheakl/arabic_foodvqa,CAMAL_arabic_foodvqa,sha256,,,manual_done,mixed200,بسطيلة دائرية بقشرة ذهبية مقرمشة، تعلوها حبات جمبري كاملة مرصوصة حول الحافة، وشرائح ليمون وكوب صغير من الصلصة الحمراء في المنتصف. تستقر فوق صينية معدنية مغطاة برقائق الألمنيوم، ويظهر خلفها صندوق ضيافة يحوي لفائف ومقبلات متنوعة.
image_265A;image_265B,food_082.png,"Mahyoub(200""CAMAL, wikimedia"")/food_082.png",4a3b1920ea59d74a64dd0befa55b4cee3903256c5377d79c2a1dfdb80ceac332,cuisine,mezze,,Jordan,,https://huggingface.co/datasets/UBC-NLP/PEARL,PEARL,sha256,,,ai_suggested,mixed200,صينية نحاسية دائرية كبيرة تحمل أطباقًا صغيرة متعددة: حمص وصلصة حمراء حارة ووعاء سلطة خضراء زجاجي في المنتصف، وزيتون أخضر متبّل، وأطباق لبنة بالخيار والطماطم، وخبز مثلثات محمّص. تحيط بالصينية أكواب ماء وأيدي أشخاص جالسين حول الطاولة.
image_266A;image_266B,food_083(1).png,"Mahyoub(200""CAMAL, wikimedia"")/food_083(1).png",4e0a3fc800e42eb5dc555b11ffc92dabef948408e2be210f81534e58b3a34ca0,cuisine,sambusa,,,,https://huggingface.co/datasets/ahmedheakl/arabic_foodvqa,CAMAL_arabic_foodvqa,sha256,,,manual_done,mixed200,كومة مرتفعة من السمبوسة المثلثة الذهبية اللون، تستقر فوق أوراق خس مجعّدة على طبق أبيض. يحيط بها وعاءان صغيران: أحدهما بصلصة حمراء والآخر أبيض اللون.
image_267A;image_267B,food_083.png,"Mahyoub(200""CAMAL, wikimedia"")/food_083.png",8cb508f486fef6d5a0756a30aef04ecf379c253785f53d78fc6dee1f97077149,architecture,door,,Sudan,,https://huggingface.co/datasets/UBC-NLP/PEARL,PEARL,sha256,,,manual_done,mixed200,باب خشبي مقوّس مفتوح بلون بني محمّر، يتدلى فانوسان معدنيان مضاءان على جانبيه فوق جدار أبيض. تؤطر الفتحة أعمدة حجرية مخططة، ويظهر رجل واقفًا داخل المدخل تحت إضاءة داخلية دافئة، في مشهد ليلي.
image_268A;image_268B,food_084(1).png,"Mahyoub(200""CAMAL, wikimedia"")/food_084(1).png",737eb91b95e0fc4f9103ce7e1fcb7d3f41fef621d948576b0a00a0bf3360ffbf,objects,Firewood,,Jordan,,https://huggingface.co/datasets/UBC-NLP/PEARL,PEARL,sha256,,,manual_done,mixed200,كومة من أغصان حطب جافة متشابكة، ملقاة فوق رمال حمراء صحراوية بجانب صخرة داكنة. يظهر غطاء معدني دائري أسود في الزاوية العلوية اليمنى، وغصن منفرد يمتد بمفرده إلى يمين الكومة الرئيسية.
image_269A;image_269B,food_084.png,"Mahyoub(200""CAMAL, wikimedia"")/food_084.png",74d2818228eb24e87abee24f6c274408e0c393616ae3a97f52167f39dc474804,cuisine,mansaf,,,,https://huggingface.co/datasets/ahmedheakl/arabic_foodvqa,CAMAL_arabic_foodvqa,sha256,,,ai_suggested,mixed200,طبق منسف دائري يحمل أرزًا أخضر مائلًا، تعلوه قطع لحم مغطاة بنقط من صلصة بيضاء وأعشاب خضراء متناثرة. تحيط بالقطع حلقة من حبات الصنوبر واللوز الذهبية اللون. تظهر حافة مفرش وردي منقوش عند أطراف الطبق.
image_270A;image_270B,food_085.jpg,"Mahyoub(200""CAMAL, wikimedia"")/food_085.jpg",b3f1043153fb5812ea48b4976910aec333581f61e01741b7f01873bf4e3b756d,cuisine,lahoh,,,,https://huggingface.co/datasets/ahmedheakl/arabic_foodvqa,CAMAL_arabic_foodvqa,sha256,,,manual_done,mixed200,أقراص لحوح مكدّسة فوق صينية معدنية دائرية، بلون بيج فاتح ونسيج مليء بثقوب دقيقة. يُسكب سائل ذهبي اللون من وعاء أبيض في الزاوية العلوية اليسرى، وتظهر سلة بها أقراص إضافية فوق قماش أصفر بنقشة مثلثات ملونة.
image_271A;image_271B,food_085.png,"Mahyoub(200""CAMAL, wikimedia"")/food_085.png",6e0a7f5e5856cf441c4c8461de045d8f23c13cb5c38322090859b2dabcdbff3c,cuisine,hummus,,Jordan,,https://huggingface.co/datasets/UBC-NLP/PEARL,PEARL,sha256,,,ai_suggested,mixed200,حمص في وعاء أبيض، تعلوه مكعبات لحم بني مطهو مع حبات صنوبر ورشة بابريكا حمراء وخيط زيت زيتون. تُغرَز فيه قطعتان من الخبز المحمّص بشكل مائل من الجانبين، وتظهر أطباق أخرى وسلطة خضراء في الخلفية.
image_272A;image_272B,food_086.jpg,"Mahyoub(200""CAMAL, wikimedia"")/food_086.jpg",867d6f057939a78bab012c90902517751a0f86160a1310e11f2e2723852c3c28,cuisine,halawet_el_jibn,,,,https://huggingface.co/datasets/ahmedheakl/arabic_foodvqa,CAMAL_arabic_foodvqa,sha256,,,ai_suggested,mixed200,قطع حلاوة الجبن الملفوفة، يظهر عند طرف إحداها حشوة قشطة بيضاء، تعلوها طبقة سخية من الفستق الأخضر المطحون يُسكب فوقها خيط من سائل شفاف من الأعلى. يستقر الطبق المزخرف بحافة زرقاء فوق سطح فاتح.
image_273A;image_273B,food_086.png,"Mahyoub(200""CAMAL, wikimedia"")/food_086.png",c72545a2628eeefff698e599617204a3d4f5d78bd93b7bcf3f825b28b7cbc913,cuisine,fried_chicken,,Saudi_Arabia,,https://huggingface.co/datasets/UBC-NLP/PEARL,PEARL,sha256,,,ai_suggested,mixed200,صينية قصدير تحمل دجاجًا مقليًا بقطع متعددة بقشرة ذهبية محمّرة، بجانب كومة من البطاطا المقلية الرفيعة. خلف الصينية كوب آيس كريم بشراب شوكولاتة وعلبة مشروب غازي أحمر وأزرق، فوق طاولة بلاستيكية بيضاء وصينية حمراء.
image_274A;image_274B,food_087(1).png,"Mahyoub(200""CAMAL, wikimedia"")/food_087(1).png",4b6c5be9064168d61f5500de5c0b508cca38cd7e20477a0ea2fdd025fa2c2abb,cuisine,Mandi,,,,https://huggingface.co/datasets/ahmedheakl/arabic_foodvqa,CAMAL_arabic_foodvqa,sha256,,,manual_done,mixed200,طبق بيضاوي أبيض يحمل مندي، أرز أصفر زاهي مطهو بالكركم تتوزع عليه أربع قطع دجاج محمّرة اللون. يستقر الطبق فوق حصيرة قش منسوجة دائرية.
image_275A;image_275B,food_087.png,"Mahyoub(200""CAMAL, wikimedia"")/food_087.png",9e3026e0991209e0445511777ff37dc6149a11fca32b7e20e2e36bae2b1579b3,cuisine,Tabbouleh-Cuba-Grape Leaves,,Jordan,,https://huggingface.co/datasets/UBC-NLP/PEARL,PEARL,sha256,,,manual_done,mixed200,ثلاثة أطباق بيضاء منفصلة تعرض معًا: كبة مقلية بيضاوية مغطاة بقشرة بقسماط بنية ذهبية على اليسار، وتبولة خضراء داكنة مفرومة في وعاء مربّع بالمنتصف، ولفافات ورق عنب مع مخلل مقطّع على اليمين. تستقر الأطباق فوق مفرش شفاف يغطي طاولة.
image_276A;image_276B,food_088.png,"Mahyoub(200""CAMAL, wikimedia"")/food_088.png",c25a999671c8e4a75e7100f0e947c7f0fcacd351c507ba6aa034a1661303a1a3,cuisine,kousa_mahshi,,,,https://huggingface.co/datasets/ahmedheakl/arabic_foodvqa,CAMAL_arabic_foodvqa,sha256,,,ai_suggested,mixed200,لفافات كوسا محشي بقشرة خضراء محمّرة، بعضها مقطّع طوليًا يكشف الحشوة الداخلية، غارقة جزئيًا في صلصة طماطم حمراء. تظهر حبة فلفل أحمر مقطوعة إلى يسار الطبق الأبيض، وأعشاب خضراء زخرفية عند الحافة.
image_277A;image_277B,food_089.png,"Mahyoub(200""CAMAL, wikimedia"")/food_089.png",5c010619b90a896a503f8ba2146a6e13c6afaa21e0d5b107c6936887bdd27bf8,cuisine,katayef,,,,https://huggingface.co/datasets/ahmedheakl/arabic_foodvqa,CAMAL_arabic_foodvqa,sha256,,,ai_suggested,mixed200,قطع قطايف مخروطية مفتوحة الفوهة مصفوفة بشكل دائري متشعب حول مركز الطبق، محشوة بالفستق الأخضر المطحون من الأعلى، بينما تظهر قاعدة كل قطعة مغموسة بطبقة شوكولاتة بنية داكنة. يستقر الطبق على قماش أحمر يظهر جزء منه خلف الحافة.
image_278A;image_278B,food_090.png,"Mahyoub(200""CAMAL, wikimedia"")/food_090.png",b3a6ef8c6a83bea42894d3511a5c9fd1209d074269ca71964de7a3ef0c39e1ad,cuisine,kibbeh,,,,https://huggingface.co/datasets/ahmedheakl/arabic_foodvqa,CAMAL_arabic_foodvqa,sha256,,,ai_suggested,mixed200,قطع كبة مقلية بلون أصفر ذهبي مائل، إحداها مقطوعة من المنتصف تكشف حشوة داكنة اللون من اللحم المفروم بداخلها. تتوزع القطع فوق طبق أبيض بلا إضافات أخرى.
image_279A;image_279B,food_091.png,"Mahyoub(200""CAMAL, wikimedia"")/food_091.png",e12339884f5278d4f8edc45f342c6ee1e442b5d87e1c0a405e2825feb63f98b3,cuisine,katayef,,,,https://huggingface.co/datasets/ahmedheakl/arabic_foodvqa,CAMAL_arabic_foodvqa,sha256,,,ai_suggested,mixed200,أقراص بغرير إسفنجية مستديرة مكدّسة فوق بعضها في شكل هرمي، يظهر على سطح كل قرص نسيج مليء بثقوب دقيقة متجانسة. يستقر الكوم على طبق مزخرف بحافة زرقاء وبيضاء، وبجانبه إناء صغير يحوي سائلًا ذهبي اللون وحبات بندق بنية.
image_280A;image_280B,food_092.jpg,"Mahyoub(200""CAMAL, wikimedia"")/food_092.jpg",6e8af9a5faaca468082abf85d585e743edfe38d37d92d86d7f0b7efbc0ec35f1,cuisine,tagine,,,,https://huggingface.co/datasets/ahmedheakl/arabic_foodvqa,CAMAL_arabic_foodvqa,sha256,,,ai_suggested,mixed200,يد ترفع غطاء طاجين أزرق بنفسجي الخارج أسود الداخل، كاشفة عن قطع دجاج بصلصة صفراء مع شرائح ليمون مخلل وحبات زيتون أخضر. يظهر كومة أطباق بيضاء في الخلفية، ونباتات خضراء محيطة بالمشهد.
image_281A;image_281B,food_093.png,"Mahyoub(200""CAMAL, wikimedia"")/food_093.png",4564fc25d04af356d7941255ade3b4b1dbce22e04dd29957b24fc689fc22e39c,cuisine,koshari,,,,https://huggingface.co/datasets/ahmedheakl/arabic_foodvqa,CAMAL_arabic_foodvqa,sha256,,,ai_suggested,mixed200,كومة كشري كبيرة تحيط بقاعدتها حبات حمص صفراء بشكل دائري، وتعلوها طبقة سخية من البصل المقرمش الذهبي مع خطوط من صلصة حمراء تنساب على الجوانب. يظهر وعاءا صلصة أحمر وبني إلى يسار الطبق.
image_282A;image_282B,food_094.png,"Mahyoub(200""CAMAL, wikimedia"")/food_094.png",7f9cf74211809b75105ba2e130ec63ff9bf190c1b0b801663c789ab9cdc14b2f,cuisine,mujaddara,,,,https://huggingface.co/datasets/ahmedheakl/arabic_foodvqa,CAMAL_arabic_foodvqa,sha256,,,ai_suggested,mixed200,مجدرة على شكل قبة مرتفعة من الأرز والعدس والبرغل، يعلوها بصل مقلي مقرمش بخيوط ذهبية داكنة وأغصان كزبرة خضراء. يستقر الطبق فوق سطح أبيض فارغ.
image_283A;image_283B,food_095.jpg,"Mahyoub(200""CAMAL, wikimedia"")/food_095.jpg",e0e3319de80e7c6695c703b300cac10fd2dc8acacd465b600b1fcd9b0c510b08,cuisine,tagine,,,,https://huggingface.co/datasets/ahmedheakl/arabic_foodvqa,CAMAL_arabic_foodvqa,sha256,,,ai_suggested,mixed200,يد بأظافر زرقاء ترفع غطاء طاجين أخضر وأسود مزخرف بنقوش مقوّسة، بينما تحمل شوكة قطعة لحم بنية داكنة من الوعاء الأساسي المملوء بصلصة طماطم حمراء كثيفة وقطع فاكهة مجففة وأوراق كزبرة. تحيط بالمشهد أطباق جانبية: صلصة برتقالية وكسكسي أصفر، فوق طاولة خشبية أمام جدار أحمر.
image_284A;image_284B,food_096.png,"Mahyoub(200""CAMAL, wikimedia"")/food_096.png",0871cca5888c55c68470e2e8a98339f0ed33a2bbc9882490a79aec6156718cc7,cuisine,mansaf,,,,https://huggingface.co/datasets/ahmedheakl/arabic_foodvqa,CAMAL_arabic_foodvqa,sha256,,,ai_suggested,mixed200,طبق منسف بأرز أصفر تعلوه قطع لحم مرشوشة بشرائح لوز محمّص، تمتد إليها يد من الأعلى تحمل أداة معدنية. تحيط بحواف الطبق قطع خبز رقيق مطوية، ويستقر المشهد فوق قماش مخطط بألوان متعددة.
image_465,m2cqa_saudi_001.jpg,"Mahyoub(40""M2CQA"")/m2cqa_saudi_001.jpg",7fdc03df0c9222e5f8e1b26c36fde59a19fa5d3755398a3c8e062fb2cff61c8f,attire,headscarf,,Saudi_Arabia,,https://huggingface.co/datasets/QCRI/M2CQA,M2CQA,sha256,,,ai_suggested,m2cqa,امرأة بوضعية جانبية مبتسمة، تضع غطاء رأس محبوكًا بلون أخضر فاتح ملفوفًا طبقات فوق غطاء أسود يستر الرقبة بالكامل. ترتدي نظارات بإطار سلحفاتي، وأقراطًا وعقدًا متعدد الطبقات من اللؤلؤ فوق وشاح بنقوش هندسية زرقاء مخضرة وبيضاء. تعلو الملابس سترة داكنة الخضرة، وتظهر أساور لؤلؤية وخواتم على يديها المتشابكتين. الخلفية زرقاء فاتحة موحّدة.
image_466,m2cqa_saudi_002.jpg,"Mahyoub(40""M2CQA"")/m2cqa_saudi_002.jpg",216ed55f4ad2a196d5cd69f245d75a731018ed081dd6c4d980b3f52cc2606447,objects,duff_drum,,Saudi_Arabia,,https://huggingface.co/datasets/QCRI/M2CQA,M2CQA,sha256,,,ai_suggested,m2cqa,رجل يضرب على دف دائري كبير بيده اليمنى، يرتدي ثوبًا أبيض وغترة بيضاء مثبتة بشريط أسود وذهبي مخطط، وحمائل جلدية مرصّعة بأزرار معدنية متقاطعة على صدره. خلفه أربعة رجال آخرون يحملون دفوفًا مشابهة بنفس الزي، أمام واجهة خشبية بأعمدة وستائر مضاءة.
image_467,m2cqa_saudi_003.jpg,"Mahyoub(40""M2CQA"")/m2cqa_saudi_003.jpg",70f4deef81447027c9e65069868709ed3045e46a892f8a55021118df451afbef,objects,oud,,Saudi_Arabia,,https://huggingface.co/datasets/QCRI/M2CQA,M2CQA,sha256,,,ai_suggested,m2cqa,يد تحمل أداة معدنية حادة تنحت سطح جسم عود خشبي بيضاوي الشكل، مقسّم إلى شرائط متبادلة بنية محمرّة وبيج فاتح، يتوسطها نقش زخرفي محفور بلون أحمر. تظهر نشارة خشب متناثرة على السطح، وقماش داكن اللون يرتديه الشخص الحامل للعود في الخلفية.
image_468,m2cqa_saudi_004.png,"Mahyoub(40""M2CQA"")/m2cqa_saudi_004.png",32c718c1e6067c9024875f26621cf2207a482942c61ae5eacac359e9c09da0f0,objects,water_cooler,,Saudi_Arabia,,https://huggingface.co/datasets/QCRI/M2CQA,M2CQA,sha256,,,ai_suggested,m2cqa,برّاد ماء أبيض أسطواني بغطاء مقبّب، عليه نص عربي بخط عريض أسود على شريط أبيض. تظهر آلية توزيع أكواب بلاستيكية بجانبه مقسّمة لأكواب مستعملة وأخرى جديدة، وإصبع يد يضغط زر التوزيع لإخراج كوب.
image_469,m2cqa_saudi_005.jpg,"Mahyoub(40""M2CQA"")/m2cqa_saudi_005.jpg",c6011389f8151e747187bbcc447730ce684cf689c81f56f7c9b30e80f88537db,architecture,mashrabiya,,Saudi_Arabia,,https://huggingface.co/datasets/QCRI/M2CQA,M2CQA,sha256,,,ai_suggested,m2cqa,مشربية خشبية بارزة تعلو جدارًا حجريًا مبنيًا من كتل رمادية غير منتظمة الشكل، تُرى من زاوية منخفضة مقابل سماء زرقاء صافية. تتكون من لوحين رأسيين بزخارف خشبية مفرّغة هندسية في الجزء العلوي، وقرصين دائريين منقوشين بنقش نجمي متشابك في الجزء السفلي، وتنتهي زواياها العلوية بزخارف مدببة صغيرة.
image_470,m2cqa_saudi_006.jpg,"Mahyoub(40""M2CQA"")/m2cqa_saudi_006.jpg",93f006ca89d2b2bb388f3f7ba85cf9db334dc81c8bf5d546469c4fb33d9124c9,attire,thawb,,Saudi_Arabia,,https://huggingface.co/datasets/QCRI/M2CQA,M2CQA,sha256,,,ai_suggested,m2cqa,يد تُدخل قلمًا أسود بمشبك فضي في جيب صدر علوي على ثوب أبيض بنسيج مصقول. يظهر في الزاوية العلوية طرف قماش أحمر وأبيض مربّع الشكل من غترة. تتراجع في الخلفية واجهة زجاجية وسيارة فاتحة اللون ضمن طبقة ضبابية من عدم التركيز.
image_471,m2cqa_saudi_007.jpg,"Mahyoub(40""M2CQA"")/m2cqa_saudi_007.jpg",b0ee7782ad4a8f84edd20cb1d855b1ae681600723ee03e112f1d35a0c84025c9,objects,teapot,,Saudi_Arabia,,https://huggingface.co/datasets/QCRI/M2CQA,M2CQA,sha256,,,ai_suggested,m2cqa,إبريق شاي معدني فضي لامع بجسم كروي، غطاء مقبب بمقبض دائري صغير، وفوهة صب مدببة طويلة ومقبض منحنٍ مسطح على الجانب الآخر. تظهر لوحة معدنية صغيرة محفورة على جسم الإبريق، فوق خلفية بيضاء فارغة.
image_472,m2cqa_saudi_008.jpg,"Mahyoub(40""M2CQA"")/m2cqa_saudi_008.jpg",184125ff8fa122ac8aa88137440d2d2a8d38413d3aafe7a971caead589a83fbc,cuisine,Tanoor Bread with Honey,,Saudi_Arabia,,https://huggingface.co/datasets/QCRI/M2CQA,M2CQA,sha256,,,manual_done,m2cqa,خبز التنور بالعسل، قرص دائري مرشوش بحبة سوداء وأعشاب داكنة، يستقر على حافة فرن تنّور دائري معدني. يُسكب عليه خيط من العسل الذهبي من إناء أعلى الإطار، وتظهر قدور مطبخ فضية في الخلفية.
image_473,m2cqa_saudi_img0094.jpg,"Mahyoub(40""M2CQA"")/m2cqa_saudi_img0094.jpg",020f02306a974432623cc9c56d98a065e3163aa21e3a68c3f10f79e04730b4b9,attire,thawb,,Saudi_Arabia,,https://huggingface.co/datasets/QCRI/M2CQA,M2CQA,filename_index,,,ai_suggested,m2cqa,ثوب طويل بلون عاجي لامع يُعرض من زاويتين: الأمامية والجانبية على خلفية بيضاء فارغة دون من يرتديه. تتقاطع كمّاته الواسعة المسترخية عند الصدر لتشكل فتحة على شكل حرف V، محاطة بشريط تطريز ذهبي بنقش هندسي متكرر يمتد على طول الفتحتين الأمامية والجانبية حتى الكتف.
image_474,m2cqa_saudi_img0103.jpg,"Mahyoub(40""M2CQA"")/m2cqa_saudi_img0103.jpg",4fc7aef780eca28924be5183ef714da94c9ee58d1617a449e95687b9ca87d6d5,cuisine,maamoul,,Saudi_Arabia,,https://huggingface.co/datasets/QCRI/M2CQA,M2CQA,filename_index,,,ai_suggested,m2cqa,معمول بقبة مضلّعة بنقش متعرج، بلون بني ذهبي فاتح، إحدى القطع مقطوعة تكشف حشوة داخلية شاحبة اللون. تُرصف القطع فوق طبق ذهبي مقعّر بحافة مسننة، ويظهر خلفها إناء ذهبي مقبب مزخرف بنقوش نباتية، فوق سطح خشبي أبيض.
image_475,m2cqa_saudi_img0140.jpg,"Mahyoub(40""M2CQA"")/m2cqa_saudi_img0140.jpg",c08bf190451453f731ba754aca2872838321c50282afff20779e415f128be028,cuisine,sambousek,,Saudi_Arabia,,https://huggingface.co/datasets/QCRI/M2CQA,M2CQA,filename_index,,,ai_suggested,m2cqa,سمبوسة أسطوانية الشكل تشبه السيجار، بقشرة ذهبية لامعة ومقرمشة، مصفوفة في صفوف متراصة فوق طبق أبيض مثلث الحواف. تظهر في الخلفية أطباق صغيرة بها مقبلات ومغموسات بيضاء وخضراء، فوق طاولة خشبية.
image_476,m2cqa_saudi_img0143.jpg,"Mahyoub(40""M2CQA"")/m2cqa_saudi_img0143.jpg",d2d22ed69acd63cb8636ac71e6adb9c2c0688a82e3d03550fc737ca639fc4eb7,objects,camel_caravan,,Saudi_Arabia,,https://huggingface.co/datasets/QCRI/M2CQA,M2CQA,filename_index,,,ai_suggested,m2cqa,قافلة جمال محمّلة بأوعية منسوجة على ظهورها، يقودها شخصان يمشيان سيرًا على الأقدام عبر أرض صحراوية صخرية مستوية. يغلب على المشهد تدرج لوني أحادي بني مصفر، وتمتد فوقه غيوم كثيفة متموجة تملأ معظم السماء.
image_477,m2cqa_saudi_img0180.jpg,"Mahyoub(40""M2CQA"")/m2cqa_saudi_img0180.jpg",bd84af6a9dff9a8e3a2d1f2871618e44687457c2819ecb11ffeba650c44d34e3,cuisine,Chicken Ouzi,,Saudi_Arabia,,https://huggingface.co/datasets/QCRI/M2CQA,M2CQA,filename_index,,,manual_done,m2cqa,طبق بيضاوي كبير يحمل أوزي دجاج، أرزًا ممزوجًا باللحم المفروم والبازلاء الخضراء، تعلوه عدة قطع دجاج محمّرة موزعة بشكل دائري. يُرشّ الطبق بشرائح لوز مقطّعة وأوراق كزبرة خضراء طازجة، ويستقر فوق سطح رخامي فاتح.
image_478,m2cqa_saudi_img0189.jpg,"Mahyoub(40""M2CQA"")/m2cqa_saudi_img0189.jpg",4499af33c99f3a5dee7a5d2531cf42f0f1aa9fe805c0e86b248293824369f34c,architecture,mud_brick_fort,,Saudi_Arabia,,https://huggingface.co/datasets/QCRI/M2CQA,M2CQA,filename_index,,,ai_suggested,m2cqa,حصن طيني كبير بجدران ترابية اللون سميكة، تعلو حوافها العلوية أسنان مثلثة بيضاء متكررة. يمتد صف من النوافذ المربعة الصغيرة بإطارات بيضاء على طول الجدار الأمامي. تظهر أعمدة إنارة صفراء وأشجار نخيل إلى يمين المبنى تحت سماء زرقاء شاحبة عند الغروب.
image_479,m2cqa_saudi_img0192.jpg,"Mahyoub(40""M2CQA"")/m2cqa_saudi_img0192.jpg",75ff0c49932be0e7a71681dc02a1690fc3d9d79403ef639b7635ddee44889b1b,attire,shemagh,,Saudi_Arabia,,https://huggingface.co/datasets/QCRI/M2CQA,M2CQA,filename_index,,,ai_suggested,m2cqa,رجل بوضعية جانبية يرتدي شماغًا أحمر وأبيض مربّع النقش مسدلًا فوق الرأس والكتف، فوق ثوب أبيض. يظهر خاتم فضي في إصبعه، والخلفية رمادية فاتحة موحّدة اللون.
image_480,m2cqa_saudi_img0200.jpg,"Mahyoub(40""M2CQA"")/m2cqa_saudi_img0200.jpg",d1e7bce39ef31b2839baaf39589185e87b1e66ce4b86ed01e90bab24fb5e7e19,attire,abaya,,Saudi_Arabia,,https://huggingface.co/datasets/QCRI/M2CQA,M2CQA,filename_index,,,ai_suggested,m2cqa,امرأة بعباية سوداء يزينها شريط تطريز أبيض عريض بنقش أزهار دائرية متكررة يمتد من أعلى الصدر حتى أسفل الذيل، مع أساور مطرزة مطابقة عند الأكمام. تضع على رأسها حجابًا بلون بيج فاتح، وتقف مبتسمة على ممر مرصوف تحيط به أشجار خضراء ضبابية في الخلفية.
image_481,m2cqa_saudi_img0201.jpg,"Mahyoub(40""M2CQA"")/m2cqa_saudi_img0201.jpg",16cafd3897d652b576909c3ac2a3e2f2350371c12df88251f70efc082932d009,cuisine,sambousek,,Saudi_Arabia,,https://huggingface.co/datasets/QCRI/M2CQA,M2CQA,filename_index,,,ai_suggested,m2cqa,سمبوسة مثلثة كبيرة الحجم مقطوعة إلى نصفين، تكشف حشوة داخلية غزيرة من اللحم المفروم البني الداكن مع قطع خضار خضراء، ومرشوشة بأعشاب طازجة مفرومة. حواف العجينة مضفّرة ومقرمشة، والخلفية سوداء قاتمة.
image_482,m2cqa_saudi_img0231.jpg,"Mahyoub(40""M2CQA"")/m2cqa_saudi_img0231.jpg",e756f6e570586416ad72ae5d1b58db3df9db75871595cd0919cfd35f6652ce77,,palm_oasis,,Saudi_Arabia,,https://huggingface.co/datasets/QCRI/M2CQA,M2CQA,filename_index,,,EXCLUDE,m2cqa,
image_483,m2cqa_saudi_img0235.jpg,"Mahyoub(40""M2CQA"")/m2cqa_saudi_img0235.jpg",ee3e9a52c2d1615813e4d24286e73ddf952cdec6d1b2d15bf2c0a2f6a67fa605,cuisine,harees,,Saudi_Arabia,,https://huggingface.co/datasets/QCRI/M2CQA,M2CQA,filename_index,,,ai_suggested,m2cqa,هريس بقوام كثيف شاحب اللون في قدر أحمر وأصفر مزخرف بنقش مثلثات، يتوسطه خليط بني داكن يشبه صلصة البصل بالدبس وفلفل أخضر حاد كامل. يستقر غطاء القدر مائلًا إلى يمينه، فوق خلفية بيضاء فارغة.
image_484,m2cqa_saudi_img0241.jpg,"Mahyoub(40""M2CQA"")/m2cqa_saudi_img0241.jpg",f4c7f6ef62f942833324c81025e46b6e36ee09965cbe92a8d21b5787ff3cd442,objects,pottery_making,,Saudi_Arabia,,https://huggingface.co/datasets/QCRI/M2CQA,M2CQA,filename_index,,,ai_suggested,m2cqa,يدان مغطاتان بطين رطب تشكّلان إناءً فخاريًا أسطوانيًا صغيرًا فوق عجلة خزف دوّارة، تظهر آثار دوران دائرية على سطح الطين المحيط. تحيط أصابع اليدين بجسم الإناء من الجانبين بينما تتشكل فتحته العلوية الداكنة في المنتصف.
image_486,m2cqa_saudi_img0261.jpg,"Mahyoub(40""M2CQA"")/m2cqa_saudi_img0261.jpg",193d2dd53ddf89cce59db834063dcb020bd5708842e19b5dcd99a2186eacccd1,architecture,clock_tower,,Saudi_Arabia,,https://huggingface.co/datasets/QCRI/M2CQA,M2CQA,filename_index,,,ai_suggested,m2cqa,وجه ساعة كبير بأرقام رومانية داكنة اللون على خلفية بيضاء، تتقاطع عليه عقربان طويلان بلون كحلي يشبهان نصلين مع زخرفة نخلة ذهبية عند نقطة تقاطعهما. يحيط بالوجه إطار ذهبي مزخرف بنقوش نباتية متشابكة، وتظهر كتابة عربية منقوشة أسفل المركز، وقبة صغيرة مذهّبة في الزاوية السفلية اليسرى.
image_487,m2cqa_saudi_img0268.jpg,"Mahyoub(40""M2CQA"")/m2cqa_saudi_img0268.jpg",794f8754dade604d92144de7f045f6437cf0afb8e32928b2d4cc1c86b8d09cf1,attire,abaya,,Saudi_Arabia,,https://huggingface.co/datasets/QCRI/M2CQA,M2CQA,filename_index,,,ai_suggested,m2cqa,امرأتان تقفان جنبًا إلى جنب، إحداهما بعباية كحلية ذات نسيج مموّج وخط أبيض رفيع عند الكتف، يداها متشابكتان أمامها. الأخرى بعباية سوداء بياقة منسدلة على شكل صدرية وأزرار ذهبية على الكم، تحمل جهازًا لوحيًا بيدها. كلتاهما تضع حجابًا بلون عبايتها، ويظهر خلفهما مكتب بجدران زجاجية.
image_488,m2cqa_saudi_img0272.jpg,"Mahyoub(40""M2CQA"")/m2cqa_saudi_img0272.jpg",a16a88ea011dc62326646ada27afbd64fa33da112b671e5d6a1a3e425ebc6682,objects,camel,,Saudi_Arabia,,https://huggingface.co/datasets/QCRI/M2CQA,M2CQA,filename_index,,,ai_suggested,m2cqa,رجل مبتسم يرتدي غترة حمراء وبيضاء مربعة النقش مثبتة بعقال أسود، وثوبًا أبيض بحزام جلدي داكن مائل على الصدر، يمسك بيده مقود جمل قريب من الكاميرا بلجام أحمر. تظهر خلفه جمال إضافية بأربطة خضراء وسروج مخططة حمراء، وعلم أخضر مموّه في الزاوية العلوية اليسرى.
image_489,m2cqa_saudi_img0286.jpg,"Mahyoub(40""M2CQA"")/m2cqa_saudi_img0286.jpg",52f94541a0605ca4416c5df9c5f152ce7fac7cb23d21981e3f90b570d736ba0a,cuisine,laban,,Saudi_Arabia,,https://huggingface.co/datasets/QCRI/M2CQA,M2CQA,filename_index,,,ai_suggested,m2cqa,كوب زجاجي يحمل لبنًا أبيض اللون، مرشوشًا بأعشاب مجففة داكنة متناثرة، تعلوه ورقتا نعناع أو ريحان خضراوان. تظهر أكواب أخرى مماثلة في الخلفية، إحداها بشريحة ليمون أخضر والأخرى بتلات وردية اللون، فوق سطح أزرق محبب الملمس.
image_490,m2cqa_saudi_img0299.jpg,"Mahyoub(40""M2CQA"")/m2cqa_saudi_img0299.jpg",1d3f244ac0a9790da5e9ac567b71f788c32dcf0bf93764b7a1d0f3826034fe5b,attire,thawb,,Saudi_Arabia,,https://huggingface.co/datasets/QCRI/M2CQA,M2CQA,filename_index,,,ai_suggested,m2cqa,رجل بوضعية جانبية يرتدي ثوبًا أبيض بياقة مقفلة محاطة بخط أسود رفيع، وشريط تطريز أسود بنقش نباتي متشابك ينزل من الياقة حتى منتصف الصدر. يضبط بيده كُمّه، وتظهر ساعة معصم فضية اللون، والخلفية رمادية موحّدة اللون.
image_492,m2cqa_saudi_img0306.png,"Mahyoub(40""M2CQA"")/m2cqa_saudi_img0306.png",2f280955f5e1240287869f7b631c0b3426df31a8b38431a83a3048416b50bb7b,attire,abaya,,Saudi_Arabia,,https://huggingface.co/datasets/QCRI/M2CQA,M2CQA,filename_index,,,ai_suggested,m2cqa,امرأة بعباية سوداء فاتحة النسيج وحجاب أسود، تقف مبتسمة عند باب سيارة مفتوح، ويدها اليمنى تستند على المرآة الجانبية البيضاء للسيارة. تظهر خلفها طريق وأشجار خضراء ضبابية.
image_493,m2cqa_saudi_img0317.jpg,"Mahyoub(40""M2CQA"")/m2cqa_saudi_img0317.jpg",34009fdc8c991d47d09f4293dff64343f005294d233801a44cba2f67750aae84,objects,arabic_family,,Saudi_Arabia,,https://huggingface.co/datasets/QCRI/M2CQA,M2CQA,filename_index,,,manual_done,m2cqa,ثلاثة أشخاص يقفون معًا: امرأة بأكمام سوداء شفافة وتنورة طويلة بيج مطبوعة برسومات أشجار، وصبي بينهما يرتدي بدلة رمادية بحواف سوداء، ورجل إلى اليمين بثوب أبيض وغترة حمراء وبيضاء مربعة مثبتة بعقال أسود. تظهر خلفهم لوحة زرقاء بها كتابة إنجليزية بيضاء كبيرة الحجم.
image_494,m2cqa_saudi_img0321.jpg,"Mahyoub(40""M2CQA"")/m2cqa_saudi_img0321.jpg",a0f293dc17d44f577d67e5086bc7edfde12f6ec417d12d67460eec3b946612ee,architecture,mashrabiya,,Saudi_Arabia,,https://huggingface.co/datasets/QCRI/M2CQA,M2CQA,filename_index,,,ai_suggested,m2cqa,مبانٍ حجرية قديمة متجاورة يعلوها نتوءات مشربية خشبية متعددة على ارتفاعات مختلفة، بزخارف مفرّغة دقيقة وألواح خشبية داكنة. تحمل الواجهات الحجرية نقوشًا هندسية محفورة، وتمتد أسلاك كهربائية متشابكة بين المباني تحت سماء زرقاء صافية، تُرى من زاوية منخفضة نحو الأعلى.
image_495,m2cqa_saudi_img0375.jpg,"Mahyoub(40""M2CQA"")/m2cqa_saudi_img0375.jpg",3d53cb0ed3aac6f316088d945bf0a8197b026dbda27d950a940808767d2b4f2b,objects,dallah,,Saudi_Arabia,,https://huggingface.co/datasets/QCRI/M2CQA,M2CQA,filename_index,,,ai_suggested,m2cqa,ثلاث دلال قهوة ذهبية اللون، تظهر مقدماتها المقوّسة ومقابضها العلوية الكروية بارزة أمام خلفية من الجمر المشتعل بألوان برتقالية وحمراء متوهجة. تتقاطع ألسنة اللهب خلف الدلال في حركة متصاعدة.
image_496,m2cqa_saudi_img0391.jpg,"Mahyoub(40""M2CQA"")/m2cqa_saudi_img0391.jpg",0c1f99ecb335730c449e4066b06107bf1a632a1421e505019fcc8a785ff7dd13,attire,pilot_uniform,,Saudi_Arabia,,https://huggingface.co/datasets/QCRI/M2CQA,M2CQA,filename_index,,,ai_suggested,m2cqa,خمس نساء يرتدين زي طيار كحلي اللون بخطوط ذهبية على الأكمام وربطة عنق مخططة وشارة أجنحة على الصدر، مع قبعات كحلية رسمية فوق أوشحة رأس داكنة. تجلس ثلاث منهن على أريكة حمراء بينما تقف اثنتان خلفهما، أمام جدار فاتح اللون بلوحتين مؤطرتين.
image_497,m2cqa_saudi_img0394.jpg,"Mahyoub(40""M2CQA"")/m2cqa_saudi_img0394.jpg",2c77ced8d24cdfadfd1f257e1cddaed5cb92b072e19be1793d1b32adc2af581d,attire,thob_palestinian,,Palestine,,https://huggingface.co/datasets/QCRI/M2CQA,M2CQA,filename_index,,,ai_suggested,m2cqa,ثوب فلسطيني أسود طويل معروض على تمثال نصفي بلا رأس واضح الملامح، مطرز بكثافة بخيوط حمراء وذهبية وردية على شكل مثلثات ونقوش هندسية متكررة تغطي لوح الصدر والأكمام الواسعة وأسفل التنورة. يقف الثوب أمام جدار حجري بلون بيج فاتح.
image_498,m2cqa_saudi_img0395.jpg,"Mahyoub(40""M2CQA"")/m2cqa_saudi_img0395.jpg",8984da0380fac5bad7030c657704c94b9727b57ecc601d018b017a533129186d,cuisine,saliq,,Saudi_Arabia,,https://huggingface.co/datasets/QCRI/M2CQA,M2CQA,filename_index,,,manual_done,m2cqa,سليق، عصيدة أرز بيضاء كثيفة القوام تملأ وعاءً أسود دائريًا، تتوسطها قطعة دجاج محمّرة بجلد ذهبي متبّل. يستقر الوعاء فوق قماش مربعات رمادية وبيضاء، فوق طاولة خشبية.
image_500,m2cqa_saudi_img0421.jpg,"Mahyoub(40""M2CQA"")/m2cqa_saudi_img0421.jpg",0319e645ee5679d20e49148608cc0f0c74158ae34ecf6f23d7d4dfd7a57a5914,objects,desert_tent,,Saudi_Arabia,,https://huggingface.co/datasets/QCRI/M2CQA,M2CQA,filename_index,,,ai_suggested,m2cqa,خيمة صحراوية بيج اللون مخروطية الشكل، فتحتاها الأماميتان مربوطتان للخلف تكشفان فراشًا أبيض وفانوسًا معلّقًا بداخلها. تستقر الخيمة فوق أرضية خشبية مرتفعة قليلًا وسط تضاريس صخرية حمراء، وتظهر كرسيان بوسائد بيضاء إلى يسارها، تحت سماء زرقاء بغيوم متناثرة.
image_501,m2cqa_saudi_img0424.jpg,"Mahyoub(40""M2CQA"")/m2cqa_saudi_img0424.jpg",5aacbd3a9eb4eb3a0a64b74140e3432e08c847752d516ca4d1186cfc1771f585,attire,thob_palestinian,,Palestine,,https://huggingface.co/datasets/QCRI/M2CQA,M2CQA,filename_index,,,ai_suggested,m2cqa,لوح صدر من ثوب فلسطيني أسود مطرز بكثافة بنقش معينات حمراء وبرتقالية وبيضاء متكرر على شكل شبكة هندسية، بفتحة رقبة على شكل V محاطة بحافة سوداء منسوجة بخيوط ملتفة. يمتد القماش الأسود غير المطرز إلى الأكمام على الجانبين.
image_502,m2cqa_saudi_img0481.jpg,"Mahyoub(40""M2CQA"")/m2cqa_saudi_img0481.jpg",47d68a7d4e374dab87f0ab2e7576491052eb063817f864a4ec3ec120968ccd59,attire,niqab,,Saudi_Arabia,,https://huggingface.co/datasets/QCRI/M2CQA,M2CQA,filename_index,,,ai_suggested,m2cqa,امرأة ترتدي نقابًا أسود يغطي الوجه بالكامل ورداءً أسود مطرزًا بخيوط ذهبية عند الجيب والأكمام، تقف منتصبة فوق ظهر حصان أبيض ترفع يدها اليمنى للأعلى. يظهر سوار وخاتم فضيان في يدها، وتمتد كثبان رملية صحراوية خلفها تحت سماء زرقاء بغيوم خفيفة.
image_504,m2cqa_saudi_img0486.jpg,"Mahyoub(40""M2CQA"")/m2cqa_saudi_img0486.jpg",74806a893735ed852b4bad65fb9338b7d439cc758541514d9399d73a87a98e7b,,desert_landscape,,Saudi_Arabia,,https://huggingface.co/datasets/QCRI/M2CQA,M2CQA,filename_index,,,EXCLUDE,m2cqa,
image_505,002.jpg,"Mahyoub(83""PEARLX, JEEM, Wikimedia, CrossCult"")/002.jpg",d3f258b1ed7e5d0a9ebfa25cb002f1ede79e32e14c078c9f74b4e2b276f6ffcf,attire,Omani man,,,,,,,,,manual_done,mixed83,رجل بلحية رمادية يرتدي دشداشة بلون عاجي فاتح وقبعة كمّة بيضاء مطرزة بخيوط ذهبية بنقش أوراق نباتية. يحمل بيده زجاجة عطر بلورية الشكل بسائل عنبري اللون، ويقف داخل معرض سيارات فاخرة تظهر خلفه سيارات فضية وسوداء.
image_506,005.jpg,"Mahyoub(83""PEARLX, JEEM, Wikimedia, CrossCult"")/005.jpg",f249e44d0779c0e00601de081ab89baff80917155d46de82fdec038a3bbb5db2,attire,Emirati man,,,,,,,,,manual_done,mixed83,رجل بلحية بيضاء وسوداء يرتدي كندورة رمادية فاتحة بعروة مضفّرة تتدلى من الياقة منتهية بشرابة، بلا غطاء رأس. يمسك بيده سبحة بنية اللون، ويقف على ممر رصيف بحري عند الغروب، والبحر وأفق مدينة بعيد خلفه.
image_507,013.jpg,"Mahyoub(83""PEARLX, JEEM, Wikimedia, CrossCult"")/013.jpg",762ee9c837b8636167b15899c884b58c247163fcd2549086753a49c3be0a49e2,attire,Yemeni man,,,,,,,,,manual_done,mixed83,رجل مسنّ بلحية بيضاء وسوداء يرتدي غترة حمراء وسوداء مربعة النقش ملفوفة بعقال أسود مضاعف، وسترة كحلية داكنة فوق قميص أسود. يرفع يده بحركة توضيحية أثناء الحديث، وتظهر أمامه حقيبة جلدية بنية على منصة خطابة خشبية، داخل قاعة محاضرات بها شاشة عرض وكراسٍ زرقاء فارغة.
image_508,016.jpg,"Mahyoub(83""PEARLX, JEEM, Wikimedia, CrossCult"")/016.jpg",055fa74acc83b325f73fd8dce2440d889c532a752765194ff748f4e8b9a2b143,attire,Saudi man,,,,,,,,,manual_done,mixed83,رجل ملتحٍ يرتدي غترة بيضاء مثبتة بعقال أسود مزدوج، وثوبًا أسود بياقة مقفلة وربطة عنق سوداء وعروة مضفّرة متدلية من الياقة. يستند بيده على غطاء محرك سيارة فضية فاخرة، وتظهر ساعة معصمه، داخل معرض سيارات بجدران زجاجية.
image_509,022.jpg,"Mahyoub(83""PEARLX, JEEM, Wikimedia, CrossCult"")/022.jpg",9dc510796aa86a2c2c633853faaefdc6a551e5c8f3db5d66b99cb7c8b0c9b98d,attire,Omani man,,,,,,,,,manual_done,mixed83,رجل بلحية رمادية داكنة يرتدي دشداشة بنية اللون بها جيب صدر يحمل قلمًا، وقبعة كمّة بيضاء مطرزة بنقش هندسي بني. يمسك بيده فنجانًا خزفيًا، ويقف أمام سيارة رياضية فاخرة داخل معرض بأرضية رخامية.
image_510,024.jpg,"Mahyoub(83""PEARLX, JEEM, Wikimedia, CrossCult"")/024.jpg",823501f3f45ba96249771ea9600359c9245baaf5900c0b8027c36a2b966015bb,attire,Omani man,,,,,,,,,manual_done,mixed83,رجل مبتسم يرتدي دشداشة سوداء بها جيب صدر يحمل قلمًا، وقبعة كمّة سوداء وذهبية مطرزة بنقش معيّنات. يستند بيديه المتشابكتين على طاولة رخامية بجانب زجاجة عطر بلورية، وسط ردهة فندق مضاءة بإضاءة ذهبية دافئة.
image_511,035.jpg,"Mahyoub(83""PEARLX, JEEM, Wikimedia, CrossCult"")/035.jpg",1939ea692d1742daa8519bb8869f831e3480c3db50c4ec26ec25e4cf5e6e7cae,attire,Yemeni man,,,,,,,,,manual_done,mixed83,رجل يرتدي غترة بيضاء رقيقة ملفوفة بعقال أسود مضاعف الحلقات، وسترة كحلية فوق قميص داكن. يحزم خصره حزام منسوج تقليدي يحمل خنجرًا منحنيًا بمقبض فضي منقوش. يجلس عند طاولة رخامية بجانب فنجان قهوة يتصاعد منه بخار، وخلفه أفق مدينة مضاء عند الغسق.
image_512,081.jpg,"Mahyoub(83""PEARLX, JEEM, Wikimedia, CrossCult"")/081.jpg",cbc1617a41c3df7f5458b0b4dffa2f29126c7b834aa29f5d41919841c55575c8,attire,Emirati man,,,,,,,,,manual_done,mixed83,رجل يرتدي معطفًا كحلي اللون بياقة مقفلة وجيب صدر، وعمامة بيضاء ملفوفة على الرأس. يمسك بيده مفاتيح سيارة معلّقة بحلقة معدنية، ويستند إلى طاولة اجتماعات خشبية داخل مكتب بجدران زجاجية تطل على أفق مدينة من ناطحات السحاب.
image_513,125.jpg,"Mahyoub(83""PEARLX, JEEM, Wikimedia, CrossCult"")/125.jpg",389e864e0600fbda471ce7f3a7c4e6b7120df93864d65de3277d819fb9bd8e49,attire,Yemeni man,,,,,,,,,manual_done,mixed83,رجل بلحية داكنة يرتدي ثوبًا بيج فاتح اللون، يحزم خصره حزام جلدي عريض بإبزيم معدني بيضاوي، يحمل خنجرًا منحنيًا في غمد مزخرف بنقوش فضية. يستند بيده على منضدة استقبال رخامية، وتظهر خلفه مصباح بغطاء أبيض وردهة فندق فاخرة.
image_514,160.jpg,"Mahyoub(83""PEARLX, JEEM, Wikimedia, CrossCult"")/160.jpg",8a6761067111f43925bb3a71526f9514521c8774efea3689bc3441885b2d2566,attire,Arabic dress,,,,,,,,,manual_done,mixed83,رجل ملتحٍ يضع قبعة كمّة بيضاء وذهبية بنقش مثلثات متكرر، يرتدي رداءً بنيًا داكنًا بسحاب مطرز عند الصدر، ويمسك بيده سبحة خشبية معلّقة. يقف أمام نار مخيم مشتعلة تحيط بها فوانيس مضاءة، وخيام مقابلة له وكثبان رملية في الخلفية عند الغسق.
image_515,image (1).jpg,"Mahyoub(83""PEARLX, JEEM, Wikimedia, CrossCult"")/image (1).jpg",15ef26e2db8c0cb6a37793faced087da82ed8fee8a10fcb2786d64c094953ef4,cuisine,unripe_green_dates,,,,,,,,,manual_done,mixed83,عناقيد حبات بلح خضراء اللون كثيفة متلاصقة، معلّقة بين سعف نخيل طويل يتشعب من مركز جذع مشترك. تتخلل العناقيد أغلفة طلع بنية جافة، وتظهر خيوط سيقان رفيعة تربط الحبات ببعضها.
image_516,image (2).jpg,"Mahyoub(83""PEARLX, JEEM, Wikimedia, CrossCult"")/image (2).jpg",c453d9a2fb87e9ca78a84942171415b0822ce1f2c9252c488d535833d10c1493,objects,Tuk-tuk,,,,,,,,,manual_done,mixed83,توك توك أصفر وأسود بمظلة قماشية داكنة وجزء خلفي أحمر، يقوده رجل شاب داخل مقصورته المفتوحة. تحيط به شاحنات وحافلات بيضاء متوقفة في شارع مزدحم، وتظهر مواسير معدنية ملونة مكدّسة فوق إحدى الشاحنات في الخلفية.
image_517,image (3).jpg,"Mahyoub(83""PEARLX, JEEM, Wikimedia, CrossCult"")/image (3).jpg",1885088592f8b772a74be8acb8c5707cbc334d2166bdfa6fe285f34475b2c277,architecture,Water Canal,,,,,,,,,manual_done,mixed83,قناة مياه حجرية ضيقة تنساب عند سفح جبل صخري، يحدها من جانب جدار حجري طبيعي خشن، ومن الجانب الآخر شجيرات خضراء كثيفة ونخلة منفردة. تنعكس السماء الزرقاء على سطح الماء الساكن، وتمتد جبال صخرية قاحلة في الخلفية.
image_518,image (4).jpg,"Mahyoub(83""PEARLX, JEEM, Wikimedia, CrossCult"")/image (4).jpg",439dadfa9b36a2641679b29ea4363bd45a2cc579be8466df357b58d907ed995a,,Mount Arafat,,,,,,,,,EXCLUDE,mixed83,
image_519,image (5).jpg,"Mahyoub(83""PEARLX, JEEM, Wikimedia, CrossCult"")/image (5).jpg",1a98e9681d356c23bcbb42b0b6994441c036f6fe93619e8ef414c79421b64e43,objects,sword_dance,,,,,,,,,manual_done,mixed83,صف من الرجال يؤدون العيالة، يقفون بوضعية جانبية ويرتدون أثوابًا بيضاء وغتراً حمراء وبيضاء مربعة مثبتة بعقال أسود. يمسك كل منهم بعصا رفيعة مستقيمة بلون بني فاتح، ممدودة أمامه بزاوية مائلة متطابقة مع من يجاوره. يضيء المشهد ليلًا بإضاءة برتقالية من جهة وخضراء من الجهة الأخرى على جدار خلفي، وتظهر سعفة نخيل وأعمدة بيضاء زخرفية.
image_520,image (6).jpg,"Mahyoub(83""PEARLX, JEEM, Wikimedia, CrossCult"")/image (6).jpg",e22fc15aa881498ffd855949348adb6a17ebd85a5e19643c6fee296ff0d097c3,cuisine,omani_halwa,,,,,,,,,manual_done,mixed83,حلوى عمانية داكنة اللون في وعاء بلوري مقطّع، مغطاة بشرائح لوز أبيض وفستق أخضر ونصف حبة جوز في المنتصف. يحيط بجوانب الوعاء غلاف بلاستيكي شفاف، وغطاء زجاجي مستدير موضوع بجانبه فوق طاولة خشبية.
image_521,image (7).jpg,"Mahyoub(83""PEARLX, JEEM, Wikimedia, CrossCult"")/image (7).jpg",199a706c2757dda8abed59d0a5717fe90539cb3845c3148f985dc99c73b16591,architecture,Traditional Pressing,,,,,,,,,manual_done,mixed83,نساء يطحنّ حَب الأركان بمطحنة حجرية تقليدية، وتحيط بهن سلال محشوة بحبات الأركان وزجاجات زيت مصفوفة على رف خشبي. يظهر إناء معدني وأدوات طحن إضافية على الأرض بجانبهن.
image_522,image (8).jpg,"Mahyoub(83""PEARLX, JEEM, Wikimedia, CrossCult"")/image (8).jpg",c4b09b1d6b47ef7cadfc7fd0d623daf6021875f5e0c6ee2c8e52aebb1935b99b,cuisine,Making Maamoul,,,,,,,,,manual_done,mixed83,نساء يرتدين أوشحة رأس ملونة، يجلسن حول طاولتين خشبيتين مستديرتين ويشكّلن كرات معمول صغيرة بقوالب خشبية مضلّعة الأطراف. تحمل إحدى الطاولات عشرات القطع الجاهزة مصفوفة بانتظام، بينما يظهر طبق عجين وصحن بودرة بيضاء على الطاولة الأخرى، فوق سجاد ملون.
image_523,image (9).jpg,"Mahyoub(83""PEARLX, JEEM, Wikimedia, CrossCult"")/image (9).jpg",e78cc0a7dfaa2e4a4e4cfe41717791038ea0b79df3c9b45adc6ed66420f63c52,cuisine,Kubbanah,,,,,,,,,manual_done,mixed83,عدة أرغفة كبانة صغيرة مستديرة، بعضها محروق بشدة حتى اسوداده جزئيًا وبعضها أفتح لونًا بني ذهبي، مكدّسة داخل قدر معدني دائري مبطّن بورق. يستقر القدر فوق مفرش أبيض مطرز بنقش نباتي بنفسجي.
image_524,image (10).jpg,"Mahyoub(83""PEARLX, JEEM, Wikimedia, CrossCult"")/image (10).jpg",8bd74f0c9ad32f2c8318ed99e30f748518b81fef59b7d0ff6658dcdcc5d770a8,cuisine,kunafa,,,,,,,,,manual_done,mixed83,قطعة كنافة مثلثة الشكل بسطح علوي برتقالي محمّر مغطى برشة كثيفة من الفستق الأخضر المطحون، تظهر عند قاعدتها المقطوعة طبقة بيضاء من الجبن. تستقر القطعة على طبق زجاجي بحافة فضية، وتظهر خلفها أدوات مائدة وطبق آخر على طاولة بيضاء.
image_525,image (11).jpg,"Mahyoub(83""PEARLX, JEEM, Wikimedia, CrossCult"")/image (11).jpg",930fbd0482c9cda06c21f3cb9e67f1f0c962f66a294d3cba858e057f05a5e294,cuisine,Sesame,,,,,,,,,manual_done,mixed83,يدان بقفازين أبيضين تُرتّبان أعوادًا مستطيلة مغطاة بحبوب سمسم ذهبية اللون داخل صندوق بني داكن، مصفوفة بشكل مائل متوازٍ. تظهر قطعة حلوى إضافية في الزاوية العلوية اليمنى فوق سطح رمادي.
image_526,image (12).jpg,"Mahyoub(83""PEARLX, JEEM, Wikimedia, CrossCult"")/image (12).jpg",062f6efbd5a5a9d84aa99a72309471e04f0e0e1df422f35fa0e265b2898a5726,cuisine,Shakshuka,,,,,,,,,manual_done,mixed83,شكشوكة، خمس بيضات مقلية تستقر داخل قاعدة من صلصة طماطم وفلفل أحمر مقطّع، مرشوشة بكثافة بأوراق بقدونس أخضر طازج. تستقر المقلاة الحديدية السوداء بمقبض أحمر فوق موقد غاز.
image_527,image (13).jpg,"Mahyoub(83""PEARLX, JEEM, Wikimedia, CrossCult"")/image (13).jpg",bc7d334e10eb67c7c69ec118c255e1f8abc770a1283cae9c26a5ddf949e26016,cuisine,mansaf,,,,,,,,,manual_done,mixed83,امرأة بعباية خضراء داكنة وغطاء رأس أسود تُحضّر منسفًا، تغرف قطع دجاج من قدر معدني كبير يتصاعد منه بخار كثيف، وتضعها فوق طبقين معدنيين كبيرين مغطى كل منهما بطبقة سميكة من الأرز الأبيض. يظهر شخص آخر جزئيًا في الخلفية اليسرى، ومطبخ بخزائن خشبية وجدار مبلّط خلفهما.
image_528,image (14).jpg,"Mahyoub(83""PEARLX, JEEM, Wikimedia, CrossCult"")/image (14).jpg",ccc5f64304c10f03c3fd0891630ef89fbe51f4c85b30070a9fe86a5845b437ba,cuisine,mansaf,,,,,,,,,manual_done,mixed83,طبق منسف معدني دائري يحمل أرزًا أصفر مغطى بكثافة بحبات الصنوبر ولوز مقطّع، تعلوه قطع لحم ضأن كبيرة بعظم ظاهر عند مفاصلها موزعة حول الطبق بشكل دائري. يظهر عند حافة الطبق قماش وردي منقوش، وقطعة ملفوفة برقائق معدنية في الزاوية العلوية اليمنى.
image_529,image (15).jpg,"Mahyoub(83""PEARLX, JEEM, Wikimedia, CrossCult"")/image (15).jpg",166a9f9bb8f66f4fdc3c5e7a528f895b5f79e8b2ff36a9d629f8d089d9814e93,cuisine,falafel,,,,,,,,,manual_done,mixed83,طبق أبيض كبير يحمل أربع كرات فلافل بنية اللون، إلى جانب خطين من الحمص وقطرات زيت زيتون ذهبية اللون، وقطعة مقلية صغيرة. يتقدم الطبق سلطة خضراء مرشوشة ببصل مقرمش، وخلفه سلة خبز وكوب عصير برتقالي محمر تعلوه قشة صفراء. تظهر سيارات مركونة خلف الطاولة في الخارج.
image_530,image (16).jpg,"Mahyoub(83""PEARLX, JEEM, Wikimedia, CrossCult"")/image (16).jpg",812a8d72327324a3a168aac61b2e2a94e0d6a55ada8b5cb43521bcf0d2feea2b,cuisine,Tamis,,,,,,,,,manual_done,mixed83,خباز يُخرج من فرن تنّور أرغفة تميس كبيرة مستديرة، مكدّسة على منضدة يظهر عليها العديد من الأرغفة المشابهة جاهزة. يرتدي الخباز مئزرًا، وتتصاعد أبخرة خفيفة من الأرغفة الطازجة.
image_531,image (17).jpg,"Mahyoub(83""PEARLX, JEEM, Wikimedia, CrossCult"")/image (17).jpg",f7e6b8cec9848fd8cf1fcbcaece9c20615f6e6fe587e6a746dfbfd10e51883d1,cuisine,arabic_tea,,,,,,,,,manual_done,mixed83,خمسة أكواب زجاجية تحمل شايًا عربيًا بلون كهرماني داكن، مرتبة فوق صينية خشبية مزخرفة بحواف ذهبية. بجانبها إبريق صغير بغطاء، ووعاء زجاجي مضلّع فيه ملعقة، ومبخرة نحاسية بجمر وبتلات ملونة، وحامل شموع ذهبي بسبع فتحات. يستقر المشهد فوق قماش بني ذهبي بنقش پيزلي.
image_532,image (18).jpg,"Mahyoub(83""PEARLX, JEEM, Wikimedia, CrossCult"")/image (18).jpg",23814c6fd3f99a1add9f74b9ad84cdae52f1095a9bb92f9618a240d1e75b2c87,attire,Keffiyeh,,,,,,,,,manual_done,mixed83,شاب ينظر إلى الجانب، يضع قبعة سوداء فوق كوفية بيضاء وسوداء مربعة النقش ملفوفة حول رقبته وكتفيه، فوق سترة جلدية سوداء بسحاب. تظهر لافتة بكتابة عربية خلفه في إضاءة خافتة.
image_533,image (19).jpg,"Mahyoub(83""PEARLX, JEEM, Wikimedia, CrossCult"")/image (19).jpg",e577c7bcaa113c85cf0fd7a3d062bf41a7c141952a61bbf9a1f71fa8d7c039fd,cuisine,safihat lahm,,,,,,,,,manual_done,mixed83,أقراص صفيحة لحم بيضاوية الشكل متراكبة فوق صينية معدنية، مغطاة بطبقة من اللحم المفروم الممزوج بقطع طماطم حمراء صغيرة وحبات صنوبر ذهبية متناثرة فوق كل قرص. تحمل حواف العجين لونًا بنيًا ذهبيًا محمّصًا.
image_534,image (20).jpg,"Mahyoub(83""PEARLX, JEEM, Wikimedia, CrossCult"")/image (20).jpg",52b3d487930e06aec1bcadf152910dd6700313cb8584cb511f524a680697a009,objects,Ramadan Decorations,,,,,,,,,manual_done,mixed83,زينة رمضان، سلاسل إضاءة على شكل نجوم بيضاء متلألئة تمتد أفقيًا بين المباني فوق شارع ليلي، تتوسطها مئذنة مسجد مضاءة. تنتشر أضواء صفراء إضافية عند مستوى الشارع أسفل السلاسل النجمية.
image_535,image (21).jpg,"Mahyoub(83""PEARLX, JEEM, Wikimedia, CrossCult"")/image (21).jpg",ab0886e7be68dbf102ad211134ee97f168d75cf5f8a28ab02084114c90968b5b,objects,aiftar ramadan,,,,,,,,,manual_done,mixed83,إفطار رمضان، حشد كبير من الرجال يجلسون على حصائر ملونة ممتدة على أرض عشبية، يتحلقون حول صناديق طعام بيضاء. تحيط بهم أشجار نخيل، ويظهر خلفهم مسجد أبيض بقباب متعددة تحت سماء صافية عند الغروب.
image_536,image (22).jpg,"Mahyoub(83""PEARLX, JEEM, Wikimedia, CrossCult"")/image (22).jpg",4ac1e2e08f56b6e9782521ef682030e12ffa9b059a8a61dc37813bcbec74dde2,cuisine,Muffatah,,,,,,,,,manual_done,mixed83,ذبيحة كاملة محمّرة اللون مستلقية فوق طبقة سميكة من الأرز الأبيض داخل طبق كبير، محاطة بأطباق جانبية متعددة الأحجام. يستقر الطبق المركزي وسط مائدة مليئة بأوعية إضافية.
image_537,image (23).jpg,"Mahyoub(83""PEARLX, JEEM, Wikimedia, CrossCult"")/image (23).jpg",41e50be4d821afb662611d23d1d733eff3a0828007aea59b91f03d1d35b5f072,architecture,Ancient Ruins,,,,,,,,,manual_done,mixed83,آثار قديمة تضم أعمدة حجرية مقطوعة متفاوتة الارتفاع، وتمثالي أسد منحوتين على قاعدتين حجريتين متقابلتين. يمتد جدار حجري منخفض خلف الموقع، وتغطي الرمال الأرض المحيطة تحت سماء رمادية ضبابية مغبرّة.
image_538,image (24).jpg,"Mahyoub(83""PEARLX, JEEM, Wikimedia, CrossCult"")/image (24).jpg",fee94321ea319124c936379a1f3919a328db3e4ef30c1e78da6f740afa851c9c,objects,Giving the Arabic greeting,,,,,,,,,manual_done,mixed83,رجلان يتلامسان بطرفي أنفيهما في تحية تقليدية، يرتديان ثوبين أبيضين وغترتين بيضاوين. تظهر خلفهما قباب بيضاء متعددة وأعمدة رخامية منقوشة تعلوها زخارف ذهبية لمبنى ضخم، ونخيل مشذّب على جانبي الساحة.
image_539,image (25).jpg,"Mahyoub(83""PEARLX, JEEM, Wikimedia, CrossCult"")/image (25).jpg",18426b331d3f88040402cbcbd4e1888ba18ba4780cfad44de245be8f9d233836,objects,Mizmar,,,,,,,,,manual_done,mixed83,رجل مسنّ بشارب كثيف أبيض يعزف على مزمار خشبي داكن اللون بمبسم أبيض، يضع قبعة بيضاء مطرزة ووشاحًا كريمي اللون على كتفيه فوق قميص أزرق. يظهر خلفه رجلان، أحدهما يضحك بنظارات طبية والآخر بوشاح مخطط أحمر وبرتقالي.
image_540,image (26).jpg,"Mahyoub(83""PEARLX, JEEM, Wikimedia, CrossCult"")/image (26).jpg",cfdd8e331cc00ffe24c8c57f3c7eaa3be9056fd777635282aaf07c31ef90b4b5,objects,Arab band,,,,,,,,,manual_done,mixed83,ثلاثة رجال يرتدون دشداشة بيضاء وقبعات كمّة، يعزف اثنان منهم على دفين دائريين بينما يحمل الثالث في المنتصف مزمارًا بين يديه. يقفون أمام واجهة خشبية داكنة بأعمدة.
image_541,image (27).jpg,"Mahyoub(83""PEARLX, JEEM, Wikimedia, CrossCult"")/image (27).jpg",c5216f1dc5361ca80420e8d402f37b1b5d73459d8305d9e4fe5726e35d24ba85,objects,oud,,,,,,,,,manual_done,mixed83,رجل مسنّ بنظارات شمسية داكنة يعزف على عود، ناظرًا إلى يده على الأوتار. يظهر جسم العود بزخرفة وردية مفرّغة دائرية الشكل، وخلفه رف كتب وصور مؤطرة على الحائط.
image_542,image (28).jpg,"Mahyoub(83""PEARLX, JEEM, Wikimedia, CrossCult"")/image (28).jpg",83eab1d50d824d91bb9e64f8f7a4b6a76dae42e8937b9458eb99ca74d10ef327,objects,small_cylindrical_drum,,,,,,,,,manual_done,mixed83,طبلة أسطوانية مزدوجة الرأس، بجلد أبيض على أحد طرفيها وأشرطة حمراء وسوداء منقوشة بنقاط بيضاء على جانبها، مربوطة بحبال ضفيرة سميكة تتقاطع بينها. تستقر الطبلة فوق سجادة منقوشة بألوان متعددة.
image_543,image (29).jpg,"Mahyoub(83""PEARLX, JEEM, Wikimedia, CrossCult"")/image (29).jpg",f3b7cf0b2427219d2d91d63b6aac86b0d5764f30a243dcae88f5f2fce8b2403b,objects,DEFF-TAMBOURINE,,,,,,,,,manual_done,mixed83,رسم توضيحي بخط أسود على خلفية بيج فاتحة يُظهر دفًا دائريًا بإطار خشبي محاط بصنوج معدنية صغيرة مقعّرة بالتناوب مع فتحات معينية الشكل. يظهر أسفل الرسم عنوان مكتوب بحروف كبيرة، وإلى يمينه ثلاثة أشكال دائرية صغيرة مرصوصة عموديًا.
image_544,image (30).jpg,"Mahyoub(83""PEARLX, JEEM, Wikimedia, CrossCult"")/image (30).jpg",5d6f71673e93e68d12c934e6bb999f31b210ce55eba0b975de15674aeb7c1a70,objects,daff_frame_drum,,,,,,,,,manual_done,mixed83,رجل يرتدي عمامة بيضاء وردة بيضاء، يحمل بيديه دفًا خشبيًا كبيرًا مكشوف الجلد بلون بني فاتح مخطط، يضغط بإصبعه على نقطة واحدة من حافته السفلية. الخلفية جدار أبيض بسيط.
image_545,image (31).jpg,"Mahyoub(83""PEARLX, JEEM, Wikimedia, CrossCult"")/image (31).jpg",479a891f5954e9209c36b5dcb09bb7d45f3a0f29f28d79a41e64837c6e90a8d8,objects,Daff,,,,,,,,,manual_done,mixed83,دف دائري كبير بجلد طبيعي باهت اللون، تمتد عبر سطحه الداخلي ثلاثة أوتار معدنية رفيعة بشكل قطري متوازٍ. يحيط بالجلد إطار خشبي بحواف داكنة متآكلة قليلًا، ويستقر الدف فوق قماش أبيض مجعّد.
image_546,image (32).jpg,"Mahyoub(83""PEARLX, JEEM, Wikimedia, CrossCult"")/image (32).jpg",fabe2b4138f968a675f9a6a7974ad21e6107228b620920872a619b99043a1665,objects,oud,,,,,,,,,manual_done,mixed83,رجل بوضعية جانبية يحمل عودًا قرب صدره، تظهر مفاتيح الضبط في مقدمة رأس الآلة، وحافة الجسم مزخرفة بنقش مثلثات متعرجة يحيط بفتحة صوت دائرية. الخلفية جدار بملمس خشن.
image_547,image (33).jpg,"Mahyoub(83""PEARLX, JEEM, Wikimedia, CrossCult"")/image (33).jpg",844198a8dc83dcaea31940072857a26c3382b0d39ff90b4a164f115be87c87b3,objects,Rebaba,,,,,,,,,manual_done,mixed83,ربابة خشبية بصندوق صوت مغطى بجلد بني فاتح مثبَّت بمسامير معدنية دائرية على طول الحواف، ورقبة طويلة منحوتة بنقوش هندسية عند القمة. يرافقها قوسها الخشبي المنحني بوتر مشدود، وتستقر القطعتان فوق خلفية خضراء رمادية.
image_548,image (34).jpg,"Mahyoub(83""PEARLX, JEEM, Wikimedia, CrossCult"")/image (34).jpg",883c4982caf276eaffab7f5c086d0ac39a2237d0c80e16c67fa9e6ced276e7b8,objects,small_cylindrical_drum,,,,,,,,,manual_done,mixed83,طبلة أسطوانية صغيرة مزدوجة الرأس، جلدها بلون بني فاتح منقوش عليه كلمة محفورة داخل مربع، مربوطة بحبال متقاطعة تتدلى منها خيوط مهترئة عند الطرف السفلي. تستقر الطبلة فوق خلفية بيضاء فارغة.
image_549,image (35).jpg,"Mahyoub(83""PEARLX, JEEM, Wikimedia, CrossCult"")/image (35).jpg",b6321ca0ee48a77e4be287b9fb5c1d998f38fe1d0e1c6057955e1319ee77dc3a,objects,oud,,,,,,,,,manual_done,mixed83,رجل يرتدي ثوبًا أبيض وغترة سوداء وبيضاء مثبتة بعقال أسود، يعزف على عود تظهر زخرفته الوردية الدائرية بوضوح على جسمه الخشبي. يظهر خاتم في إصبعه، والخلفية بلون بني فاتح موحّد يميل للأصفر الباهت.
image_550,image.jpg,"Mahyoub(83""PEARLX, JEEM, Wikimedia, CrossCult"")/image.jpg",ec55f61734338a66a1dad5dcd6f6886fce4ab471dcaef16fd73b80c526aee250,objects,falconry,,,,,,,,,manual_done,mixed83,صقر أبيض مغطى الرأس بغطاء جلدي يقف على معصم مبطّن يحمله رجل بقميص أزرق، داخل خيمة مزخرفة بأهداب حمراء وقطع تراثية معلّقة كالفانوس والمذراة الدائرية. يقف إلى يمينه رجل بثوب أبيض ووشاح أحمر مطرز، وتظهر أدوات تقديم قهوة ملونة أسفل الصقر.
image_551,pearlx_abaya_001.jpg,"Mahyoub(83""PEARLX, JEEM, Wikimedia, CrossCult"")/pearlx_abaya_001.jpg",85161bd71836e168a007bd365599481f4231ea5d915120e5fad05466b4f68eaa,attire,abaya,Abaya,,,https://huggingface.co/datasets/UBC-NLP/PEARL-X,PEARL-X,filename_concept,,,ready,mixed83,امرأة بعباية سوداء بأكمام واسعة على شكل الجرس، مزينة بحافة دانتيل مقوّسة الأطراف مطرزة بخرز أسود لامع عند نهايتها. تضع حجابًا أسود مثبَّتًا للخلف، ويداها متشابكتان أمام الخصر. تنتعل حذاءً بكعب بلون بني فاتح، وتقف على خلفية بيضاء فارغة.
image_552,pearlx_abaya_002.jpg,"Mahyoub(83""PEARLX, JEEM, Wikimedia, CrossCult"")/pearlx_abaya_002.jpg",755ead8b54085272d231d9211dbbb6efd2b0e01ddd2cde6706c20fa681bde7fe,attire,abaya,Abaya,,,https://huggingface.co/datasets/UBC-NLP/PEARL-X,PEARL-X,filename_concept,,,ready,mixed83,امرأة ترتدي عباية سوداء مفتوحة من الأمام، تُزيّنها شرائط تطريز فلسطيني تقليدي بالأحمر والأسود على طول الفتحتين الأماميتين وحزام عريض مطابق عند الخصر. ترتديها فوق بلوزة وبنطال أسودين، وتضع حجابًا أحمر، وتقف على خلفية بيضاء فارغة.
image_553,pearlx_abaya_003.jpg,"Mahyoub(83""PEARLX, JEEM, Wikimedia, CrossCult"")/pearlx_abaya_003.jpg",0867e874636049e6b5c6b77b7c231bd99c651f5cec97e31413dd17d7066a5155,attire,abaya,Abaya,,,https://huggingface.co/datasets/UBC-NLP/PEARL-X,PEARL-X,filename_concept,,,ready,mixed83,امرأتان ترتديان عبايتين سوداوين مع نقاب يغطي الوجه بالكامل، تقفان تتحدثان في شارع مرصوف بالحجارة أمام جدار حجري به فتحات مقوّسة. تحمل إحداهما كيسًا بلاستيكيًا أبيض عليه كتابة، بينما يظهر كيس بلاستيكي أحمر على الأرض بينهما.
image_554,pearlx_abaya_004.jpg,"Mahyoub(83""PEARLX, JEEM, Wikimedia, CrossCult"")/pearlx_abaya_004.jpg",f7daff915fcb11343282e5633e2fbc3c11cc1efe02787c993af41134bc86fbd2,attire,abaya,Abaya,,,https://huggingface.co/datasets/UBC-NLP/PEARL-X,PEARL-X,filename_concept,,,ready,mixed83,عباية سوداء معروضة على شكل تمثال نصفي بلا رأس، تُزيّنها حاشية تطريز بيج هندسية النقش تمتد على طول الفتحة الأمامية والأكمام. تقف العباية منتصبة على حامل عرض أمام خلفية فاتحة اللون.
image_555,pearlx_abaya_005.jpg,"Mahyoub(83""PEARLX, JEEM, Wikimedia, CrossCult"")/pearlx_abaya_005.jpg",46188f4083ce5020548504563000246cf596bf98f12eb66c8612be40300a1a02,attire,abaya,Abaya,,,https://huggingface.co/datasets/UBC-NLP/PEARL-X,PEARL-X,filename_concept,,,ready,mixed83,قماش أسود فضفاض يتدلى بطيات عميقة، تُمسك به يد تضع خاتمًا ذهبيًا عند الصدر بينما تستند يد أخرى عند الجزء السفلي من الكم الواسع. لا تظهر ملامح الوجه أو تفاصيل أخرى للثوب بسبب اقتراب الإطار الشديد من القماش.
image_556,pearlx_arabic_coffee_001.jpg,"Mahyoub(83""PEARLX, JEEM, Wikimedia, CrossCult"")/pearlx_arabic_coffee_001.jpg",3076707fdc1b0b3bf16ad5e17af401befc4b5e03222f94b713c6101dbee969b1,cuisine,arabic_coffee,Arabic_Coffee,,,https://huggingface.co/datasets/UBC-NLP/PEARL-X,PEARL-X,filename_concept,,,ready,mixed83,رجل يرتدي غطاء رأس أبيض ملفوفًا وثوبًا أبيض، يبتسم بينما يصب القهوة العربية من دلة فضية في كوب صغير مخطط يحمله بيده الأخرى. تظهر خلفه خزانة خشبية عليها دلة أخرى وأكواب مكدّسة وطبق تمر، وشاشة تلفاز معلّقة على الحائط.
image_557,pearlx_arabic_coffee_002.jpg,"Mahyoub(83""PEARLX, JEEM, Wikimedia, CrossCult"")/pearlx_arabic_coffee_002.jpg",8e71b5e093a89d1afef3ac49ef1a94d9ee4607b5aac603738c3d78394bf446a3,cuisine,arabic_coffee,Arabic_Coffee,,,https://huggingface.co/datasets/UBC-NLP/PEARL-X,PEARL-X,filename_concept,,,ready,mixed83,يد تصب القهوة العربية من دلة ذهبية اللون منقوشة في فنجان أبيض بحافة مذهّبة ومقبض مزخرف تمسكه يد أخرى. تظهر امرأة بغطاء رأس داكن في الخلفية الضبابية.
image_558,pearlx_arabic_coffee_003.jpg,"Mahyoub(83""PEARLX, JEEM, Wikimedia, CrossCult"")/pearlx_arabic_coffee_003.jpg",9d423eba8abc9df6dac8c8083a48e64484f09a86add4a04472b3522e30b6d168,cuisine,arabic_coffee,Arabic_Coffee,,,https://huggingface.co/datasets/UBC-NLP/PEARL-X,PEARL-X,filename_concept,,,ready,mixed83,دلة قهوة فضية محفورة بنقوش دقيقة ومنقار منحنٍ طويل، بجانبها فنجانا قهوة عربية أبيضان بمقابض ذهبية ممتلئان بسائل داكن، وحبات تمر مكدّسة إلى يمينهما. يستقر المشهد فوق قماش أحمر بنقشة معينات هندسية.
image_559,pearlx_arabic_coffee_004.jpg,"Mahyoub(83""PEARLX, JEEM, Wikimedia, CrossCult"")/pearlx_arabic_coffee_004.jpg",6f440a782bce7fb3e665c4019331fcdd21ba4be8de9e265d835b526c6c42de56,cuisine,arabic_coffee,Arabic_Coffee,,,https://huggingface.co/datasets/UBC-NLP/PEARL-X,PEARL-X,filename_concept,,,ready,mixed83,دلة قهوة فضية لامعة تعلو قاعدة أسطوانية مزخرفة بنقش نجمي فسيفسائي، فوق صينية نحاسية دائرية كبيرة محفورة بزخارف نباتية. بجانبها فنجان زجاجي صغير بقهوة داكنة، ووعاء زجاجي بغطاء قبة شفافة يحوي حبات تمر.
image_560,pearlx_falconry_001.png,"Mahyoub(83""PEARLX, JEEM, Wikimedia, CrossCult"")/pearlx_falconry_001.png",0365231d57fa9d21bcbb93167a406586b35f2b643b467f4aa77e86b462777604,objects,falconry,Falconry,,,https://huggingface.co/datasets/UBC-NLP/PEARL-X,PEARL-X,filename_concept,,,ready,mixed83,صقر بريش بني وبيج يقف منتصبًا على مجثم خشبي مغطى بعشب صناعي أخضر، تظهر في رجليه أربطة جلدية ملوّنة. يمتد خلفه أفق صحراوي رملي شاسع تحت سماء فاتحة.
image_561,pearlx_falconry_002.jpg,"Mahyoub(83""PEARLX, JEEM, Wikimedia, CrossCult"")/pearlx_falconry_002.jpg",c14b1677e8fe6d33399300c766f564c6357c8dc074a0d4fb712b6698a61a8922,objects,falconry,Falconry,,,https://huggingface.co/datasets/UBC-NLP/PEARL-X,PEARL-X,filename_concept,,,ready,mixed83,صقر بريش رمادي وبني متدرج النقش يقف على حافة معدنية صدئة مثقوبة، ناظرًا إلى اليمين بمنقار أصفر حاد ورأس داكن اللون. تمتد خلفه سماء زرقاء صافية بلا سحب.
image_562,pearlx_falconry_003.jpg,"Mahyoub(83""PEARLX, JEEM, Wikimedia, CrossCult"")/pearlx_falconry_003.jpg",0d19a67ba61627097f3b80780cac815c3e0dc8ff2bc009463162502d05af3d61,objects,falconry,Falconry,,,https://huggingface.co/datasets/UBC-NLP/PEARL-X,PEARL-X,filename_concept,,,ready,mixed83,صقر صغير بريش بني مرقّط يقف على قفاز جلدي بني اللون، رافعًا رأسه للأعلى. الخلفية ضبابية بألوان زرقاء وبرتقالية متداخلة.
image_563,pearlx_ful_medames_001.jpg,"Mahyoub(83""PEARLX, JEEM, Wikimedia, CrossCult"")/pearlx_ful_medames_001.jpg",88621ee7218941d1c7facc5dfcd3e3ed3bfca84d926d86228b38755e6a01b516,cuisine,ful_medames,Ful_Medames,,,https://huggingface.co/datasets/UBC-NLP/PEARL-X,PEARL-X,filename_concept,,,ready,mixed83,وعاء فول مدمس معدني دائري يحوي حبوبًا بنية داكنة غارقة في مرقها الزيتي، موضوع على طبق أحمر وأبيض. بجانبه وعاء أصغر يحمل سلطة مفرومة من طماطم وجزر وأعشاب خضراء، وأرغفة خبز مكدّسة إلى اليسار. يستقر الطبق فوق منضدة حجرية في الهواء الطلق، وتظهر عجلات مركبة ضبابية في الخلفية.
image_564,pearlx_ful_medames_002.jpg,"Mahyoub(83""PEARLX, JEEM, Wikimedia, CrossCult"")/pearlx_ful_medames_002.jpg",67389d7ca51d4837e4fa17d04f538dba3de8ca21b980b19b695377245a5bba6f,cuisine,ful_medames,Ful_Medames,,,https://huggingface.co/datasets/UBC-NLP/PEARL-X,PEARL-X,filename_concept,,,ready,mixed83,فول مدمس مطهو يجمع حبوب فول بنية وحمصًا أصفر مغموسة في مرق زيتي، تعلوه مكعبات طماطم حمراء وكومة من البقدونس الأخضر المفروم في المنتصف، يُرى من الأعلى داخل صينية معدنية.
image_565,pearlx_ful_medames_003.jpg,"Mahyoub(83""PEARLX, JEEM, Wikimedia, CrossCult"")/pearlx_ful_medames_003.jpg",b6f42c5720e35173d9226f3134109c64ac64d81ce5e3934f0744a8c5e3bb1c21,cuisine,ful_medames,Ful_Medames,,,https://huggingface.co/datasets/UBC-NLP/PEARL-X,PEARL-X,filename_concept,,,ready,mixed83,فول مدمس في وعاء فخاري بني محمر، يطفو في مرق ذهبي اللون، تتوزع حبات رمان حمراء في أربع زوايا متقابلة حول كومة من الأعشاب الخضراء المفرومة في المنتصف. يستقر الوعاء فوق طاولة خشبية.
image_566,pearlx_ful_medames_004.jpg,"Mahyoub(83""PEARLX, JEEM, Wikimedia, CrossCult"")/pearlx_ful_medames_004.jpg",69305f2e03226eca0b485950e6db7c0fe0842f3bccd831ac4ff96a143d32de12,cuisine,ful_medames,Ful_Medames,,,https://huggingface.co/datasets/UBC-NLP/PEARL-X,PEARL-X,filename_concept,,,ready,mixed83,فول مدمس في طبق فخاري بني، مرشوش بالبقدونس الأخضر المفروم، بجانبه طبق أبيض كبير يحمل خضارًا نيئة للتقديم: طماطم وخيار وبصل أخضر وفجل وأوراق نعناع طازجة، فوق طاولة خشبية.
image_567,pearlx_ful_medames_005.jpg,"Mahyoub(83""PEARLX, JEEM, Wikimedia, CrossCult"")/pearlx_ful_medames_005.jpg",c4e0ec89931023d50233cfa6a7fcebab67d087660b05db337fa16528919537d3,cuisine,ful_medames,Ful_Medames,,,https://huggingface.co/datasets/UBC-NLP/PEARL-X,PEARL-X,filename_concept,,,ready,mixed83,فول مدمس مهروس القوام في وعاء أبيض بحافة مزهّرة، تعلوه طبقة من مكعبات طماطم وبصل مفروم وبصل أخضر وقطع جبن أبيض مفتت، فوق سطح رخامي.
image_568,pearlx_shawarma_001.jpg,"Mahyoub(83""PEARLX, JEEM, Wikimedia, CrossCult"")/pearlx_shawarma_001.jpg",21b4e7f56778d0522c870d53bc52f58bd5cb9698e76a87686077ef4d7d7ebd6a,cuisine,shawarma,Shawarma,,,https://huggingface.co/datasets/UBC-NLP/PEARL-X,PEARL-X,filename_concept,,,ready,mixed83,عشرات السندويشات المحشوة بلحم الشاورما مصفوفة بكثافة فوق صينية معدنية، كل سندويش داخل خبز مستدير مرشوش ببذور سمسم من الأعلى. يظهر داخل الخبز خليط من اللحم البني وقطع طماطم حمراء وأعشاب خضراء مفرومة.
image_569,pearlx_shawarma_002.jpg,"Mahyoub(83""PEARLX, JEEM, Wikimedia, CrossCult"")/pearlx_shawarma_002.jpg",28a23b364909a5426688641af6e70b11114a13dbe4f6a16adf9a77b8ce103450,cuisine,shawarma,Shawarma,,,https://huggingface.co/datasets/UBC-NLP/PEARL-X,PEARL-X,filename_concept,,,ready,mixed83,يد تحمل شطيرة شاورما محشوة بخبز مفتوح من جانب واحد، يفيض منها لحم مشوي وحشوة داكنة اللون. يظهر خلفها سيخ شاورما دوّار كبير ولهب نار مضيء في خلفية ضبابية.
image_570,pearlx_shawarma_003.jpg,"Mahyoub(83""PEARLX, JEEM, Wikimedia, CrossCult"")/pearlx_shawarma_003.jpg",c91522174418cc439131be076efd8328a4cbb30bd4e3205f60215122c08017c1,cuisine,shawarma,Shawarma,,,https://huggingface.co/datasets/UBC-NLP/PEARL-X,PEARL-X,filename_concept,,,ready,mixed83,لفافة شاورما مفتوحة جزئيًا من طرفها العلوي، تكشف عن شرائح دجاج مشوي وشرائح مخلل أصفر وقطع بطاطا مقلية بداخلها. بجانبها كوب معدني صغير يحوي صلصة بيضاء، وشرائح مخلل إضافية موضوعة على سطح أبيض.
image_571,pearlx_shawarma_004.jpg,"Mahyoub(83""PEARLX, JEEM, Wikimedia, CrossCult"")/pearlx_shawarma_004.jpg",556f6de8f753081e5204a29efd0451008c58a695895fe5a01f2ba1935f15df55,cuisine,shawarma,Shawarma,,,https://huggingface.co/datasets/UBC-NLP/PEARL-X,PEARL-X,filename_concept,,,ready,mixed83,خمس قطع شاورما مشوية بعلامات تحميص متوازية مصفوفة على طبق أبيض مستطيل، بجانب كومة بطاطا مقلية مزينة بأعشاب خضراء مفرومة وقطع طماطم. يتقدم الطبق فلفل أحمر صغير الحجم، وخلفه كأسا صلصة: أحدهما أحمر والآخر أبيض كريمي.
image_572,pearlx_shawarma_005.jpg,"Mahyoub(83""PEARLX, JEEM, Wikimedia, CrossCult"")/pearlx_shawarma_005.jpg",47d6ebfb28cc941897374e8aa9fca2e4e23a5d98bb90ae0962858d9169413113,cuisine,shawarma,Shawarma,,,https://huggingface.co/datasets/UBC-NLP/PEARL-X,PEARL-X,filename_concept,,,ready,mixed83,رجل مبتسم بزي أسود وقبعة سوداء يحمل ملقطًا معدنيًا، يقف بجانب سيخ شاورما دوّار كبير يظهر خلفه لهب نار. أمامه تكديس هرمي من لفافات شاورما صغيرة مرصوصة فوق منضدة معدنية.
image_573,pearlx_sword_dance_001.jpg,"Mahyoub(83""PEARLX, JEEM, Wikimedia, CrossCult"")/pearlx_sword_dance_001.jpg",1b7ea684cce0bce6181aff2e231c6aef6df776c8ed3baff729302a6ad7c95f13,objects,sword_dance,Sword_Dance,,,https://huggingface.co/datasets/UBC-NLP/PEARL-X,PEARL-X,filename_concept,,,ready,mixed83,رجال يؤدون العرضة، يرتدون عباءات فضية مزخرفة بنقش رمادي فوق أثواب بيضاء، ويحملون سيوفًا منحنية بمقابض ذهبية اللون. يرفع أحدهم عمودًا طويلًا يعلوه علم أخضر مكتوب عليه بخط أبيض. تتجمع حشود من الناس أسفل الإطار، وتمتد سماء زرقاء صافية خلف مبنى مرتفع.
image_574,pearlx_sword_dance_002.jpg,"Mahyoub(83""PEARLX, JEEM, Wikimedia, CrossCult"")/pearlx_sword_dance_002.jpg",c90464462a4394714a3bedb7a715fe13f93a5b8c842e1a1f5fed6890753709f1,objects,sword_dance,Sword_Dance,,,https://huggingface.co/datasets/UBC-NLP/PEARL-X,PEARL-X,filename_concept,,,ready,mixed83,رجال وصبية يؤدون رقصة سيف تقليدية، يرتدون أثوابًا بيضاء فوقها صدريات داكنة اللون، ويحملون سيوفًا طويلة مستقيمة، أحدهم يقاطع سيفين فوق رأس صبي أصغر. تحيط بهم أرضية عشبية خضراء وجدار حجري فاتح اللون في الخلفية.
image_575,pearlx_sword_dance_003.jpg,"Mahyoub(83""PEARLX, JEEM, Wikimedia, CrossCult"")/pearlx_sword_dance_003.jpg",30a22e6d493a86d250eeee03265cd3d3bcca756e5c77bcf46e9e180cf6ed2711,objects,sword_dance,Sword_Dance,,,https://huggingface.co/datasets/UBC-NLP/PEARL-X,PEARL-X,filename_concept,,,ready,mixed83,خمسة رجال يؤدون العيالة، يقفون بوضعية جانبية ورؤوسهم منحنية للأمام، يرتدون أثوابًا بيضاء وغتراً بيضاء وسوداء مربعة النقش مثبَّتة بعقال أسود عالٍ. يمسك كل منهم بعصا رفيعة بنية اللون موجّهة نحو الأسفل بزاوية متطابقة. تظهر خلفهم صناديق خشبية على أرضية مرصوفة.
image_576,pearlx_sword_dance_004.jpg,"Mahyoub(83""PEARLX, JEEM, Wikimedia, CrossCult"")/pearlx_sword_dance_004.jpg",1c3b1a8e981dbf75a2459203d57658cbff4f2c5d3d41a90cca55048ae0cb1215,objects,sword_dance,Sword_Dance,,,https://huggingface.co/datasets/UBC-NLP/PEARL-X,PEARL-X,filename_concept,,,ready,mixed83,مجموعة رجال يرتدون عباءات سوداء وغتراً حمراء وبيضاء وبيضاء بالكامل، يقفون في تشكيل جماعي فوق سجادة حمراء منقوشة. يحمل الشخص في المنتصف جسمًا داكنًا ملفوفًا أمام صدره. تظهر خلفهم أعمدة مبنى حديث تحت سقف مرتفع.
image_577,pearlx_sword_dance_005.jpg,"Mahyoub(83""PEARLX, JEEM, Wikimedia, CrossCult"")/pearlx_sword_dance_005.jpg",0b0a2188689e5109549ca1a830cd5812ce517f6beb0ac77bee0c9f51b8f6e9d4,objects,sword_dance,Sword_Dance,,,https://huggingface.co/datasets/UBC-NLP/PEARL-X,PEARL-X,filename_concept,,,ready,mixed83,رجال يرتدون أثوابًا بيضاء وحمائل سوداء متقاطعة على الصدر، يتقدمهم شخص يحمل طبلًا أسطوانيًا برتقاليًا مربوطًا بحبال، وآخر بطبل بلون كريمي. يرتفع خلفهم علم أحمر بهدب ذهبي، وتمتد خلفهم مدرجات حجرية بلون رملي في ساحة مفتوحة.
image_578,pearlx_thawba_001.jpg,"Mahyoub(83""PEARLX, JEEM, Wikimedia, CrossCult"")/pearlx_thawba_001.jpg",c14bab290cd5a4baa8ddfa108511cba60fa8f2c6c70be0bfee04fe2dc84a3307,attire,tunisian_jubba,Thawba,,,https://huggingface.co/datasets/UBC-NLP/PEARL-X,PEARL-X,filename_concept,,,ready,mixed83,رجل مسنّ يرتدي جبة تونسية حمراء مخططة بخطوط داكنة، محاطة بشريط تطريز أبيض هندسي النقش يمتد على طول فتحة الصدر والأكمام. يضع على رأسه طربوشًا أحمر ونظارات شمسية، ويمسك بيده زهرة بيضاء صغيرة. يقف فوق صخور بيضاء كبيرة أمام بحر فيروزي اللون تحت سماء غائمة.
image_579,pearlx_thawba_002.jpg,"Mahyoub(83""PEARLX, JEEM, Wikimedia, CrossCult"")/pearlx_thawba_002.jpg",5f01c4ee167ca9f10407678742a64005166edd37d9de500d596ffd5f60c3eb12,attire,emirati_kandura,Thawba,,,https://huggingface.co/datasets/UBC-NLP/PEARL-X,PEARL-X,filename_concept,,,ready,mixed83,رجل بوضعية جانبية يرتدي كندورة إماراتية بلون أزرق فاتح مائل للبنفسجي، بياقة دائرية بلا طوق تتدلى منها عروة مضفّرة منتهية بشرابة معقودة. الخلفية رمادية موحّدة اللون خلف الكتف والصدر.
image_580,pearlx_thawba_003.jpg,"Mahyoub(83""PEARLX, JEEM, Wikimedia, CrossCult"")/pearlx_thawba_003.jpg",fbebe4b2f488f9d0154e1c5244a4e9310be1c914965a4383b1990daad4911ea1,attire,thawb,Thawba,,,https://huggingface.co/datasets/UBC-NLP/PEARL-X,PEARL-X,filename_concept,,,ready,mixed83,رجل يرتدي سترة كحلية داكنة فوق ثوب أبيض يظهر جزء منه أسفلها، مع حزام جلدي بني عريض يبرز منه مقبض منحنٍ عند مقدمة الخصر. يحمل على كتفه حزامًا يثبّت لفافة قماش وردية منقوشة، ويستند بيده على عصا مزخرفة بشرابات ذهبية.
image_581,pearlx_thawba_004.jpg,"Mahyoub(83""PEARLX, JEEM, Wikimedia, CrossCult"")/pearlx_thawba_004.jpg",ffeefa5424210633b0e71bf51813dfe59aabc63523e6c8c616d0ffef99cd5ef0,attire,thawb,Thawba,,,https://huggingface.co/datasets/UBC-NLP/PEARL-X,PEARL-X,filename_concept,,,ready,mixed83,رجلان يقف أحدهما خلف الآخر ويُعدّل له غترة بيضاء وسوداء بنقشة هندسية متكررة مثبّتة بعقال أسود، وكلاهما يرتدي ثوبًا أبيض. الخلفية فاتحة اللون وضبابية بإضاءة ساطعة.
image_582,pearlx_thawba_005.jpg,"Mahyoub(83""PEARLX, JEEM, Wikimedia, CrossCult"")/pearlx_thawba_005.jpg",62ade8acd5ee2ef2da2ebe70e5a3ec9349710b3f65dab26e98bdaeec85a603c9,attire,thawb,Thawba,,,https://huggingface.co/datasets/UBC-NLP/PEARL-X,PEARL-X,filename_concept,,,ready,mixed83,رجل واقف بوضعية أمامية مباشرة، يرتدي غترة حمراء وبيضاء مربعة النقش مثبّتة بعقال أسود، وثوبًا أبيض بياقة مقفلة. يداه متشابكتان أمام الخصر، وتظهر ساعة معصم سوداء في يده اليسرى. الخلفية رمادية فاتحة موحّدة اللون.
image_583,pearlx_thawba_006.jpg,"Mahyoub(83""PEARLX, JEEM, Wikimedia, CrossCult"")/pearlx_thawba_006.jpg",71947d6102144fcb2fcd204f70790881433dcdf8ffdbcb2c9ed9a45a24d537b8,attire,farwa,Thawba,,,https://huggingface.co/datasets/UBC-NLP/PEARL-X,PEARL-X,filename_concept,,,ready,mixed83,رجل يرتدي فروة طويلة رمادية بغطاء رأس مرفوع فوق الرأس، يظهر تحتها ياقة قميص أبيض عند الرقبة. يتوسط الفروة خط إغلاق عمودي، وتبرز خطوط خياطة ظاهرة على طول الأكمام والكتفين. الخلفية رمادية فاتحة موحّدة اللون.
image_584,pearlx_thawba_007.jpg,"Mahyoub(83""PEARLX, JEEM, Wikimedia, CrossCult"")/pearlx_thawba_007.jpg",b13d91118630bc13298a6cfb33ce652a8be766826dfa081705c1d03e64a3879e,attire,traditional_syrian_garment,Thawba,,,https://huggingface.co/datasets/UBC-NLP/PEARL-X,PEARL-X,filename_concept,,,ready,mixed83,رجل يرتدي قميصًا مقلَّمًا بخطوط رمادية وبيضاء رأسية، يلتف حول خصره حزام أسود عريض. تتدلى على كتفه غترة حمراء وبيضاء مربعة النقش دون أن يضعها على رأسه. الخلفية سوداء موحّدة اللون.
image_585,Screenshot 1448-02-23 at 10.11.57 PM.png,"Mahyoub(83""PEARLX, JEEM, Wikimedia, CrossCult"")/Screenshot 1448-02-23 at 10.11.57 PM.png",6fdfe9dfd1d2d57006f858eb0aeacbdea5a5d58d4626048295fdb44345b049b4,attire,Emirati man,,,,,,,,,manual_done,mixed83,رجل مبتسم يرتدي كندورة بيضاء بشريط عمودي مطرز ينزل من الياقة حتى منتصف الصدر، بلا غطاء رأس. يظهر خلفه جزئيًا رجلان آخران، أحدهما بغترة بيضاء والآخر بغترة حمراء وبيضاء مربعة، ضمن إضاءة زرقاء وخلفية بها رسم تخطيطي لسيارة.
image_586,Screenshot 1448-02-23 at 10.12.09 PM.png,"Mahyoub(83""PEARLX, JEEM, Wikimedia, CrossCult"")/Screenshot 1448-02-23 at 10.12.09 PM.png",2b85f5f1cc9571933894a1fc843e317d030fc26ea659bced9c0f43cf5d5bf4b7,attire,saudi woman,,,,,,,,,manual_done,mixed83,امرأة تبتسم مرتدية عباية سوداء بلوح كتف مطرز شفاف، وحجابًا أسود يغطي الشعر بالكامل، وأحمر شفاه قرمزي. تظهر خلفها أشخاص غير واضحين ورجل بربطة عنق حمراء وبدلة رسمية، ضمن إضاءة زرقاء داكنة.
image_587,Screenshot 1448-02-23 at 10.18.25 PM.png,"Mahyoub(83""PEARLX, JEEM, Wikimedia, CrossCult"")/Screenshot 1448-02-23 at 10.18.25 PM.png",fed047d6b9890436ffa4207b97f3a5a20a39af2939d4b6e0131577a1f7ec0b2d,attire,Islamic dress,,,,,,,,,manual_done,mixed83,امرأتان تبتسمان جنبًا إلى جنب، إحداهما بحجاب وردي فاتح وسترة سوداء فوق قميص أبيض مخطط، والأخرى بحجاب كحلي منقوش بأشكال دائرية بيضاء متكررة فوق كنزة بنفس النقش. تظهر خلفهما لوحة خشبية وصندوق مزخرف جزئي على طاولة، فوق أرضية بسجاد أزرق.
image_588,clothes_001.png,"Mahyoub(200""CAMAL, wikimedia"")/clothes_001.png",ed13ae63a0ccbbaae6c1eac71b262017fad5ac7c9abfd0bb1a4403ff5df18941,attire,bisht,,Saudi_Arabia,,https://huggingface.co/datasets/UBC-NLP/PEARL,PEARL,sha256,,,ai_suggested,mixed200,رجل يجلس مرتديًا بشتًا داكن اللون بحاشية فاتحة، وغترة بيضاء ملفوفة بعقال أسود سميك الجدائل. يمسك بيده اليسرى عصا بمقبض منحنٍ، وتظهر خلفه سجادة معلّقة بنقش هندسي متكرر وجدار فاتح اللون.
image_589,clothes_002.png,"Mahyoub(200""CAMAL, wikimedia"")/clothes_002.png",989e7e7fe8f995646eb1d7f8c2394626cf2a83879378aefc35cf8583fa2faed5,attire,thawb,,Saudi_Arabia,,https://huggingface.co/datasets/UBC-NLP/PEARL,PEARL,sha256,,,ai_suggested,mixed200,ستة رجال يقفون على رصيف خشبي بحبال مثبَّتة كسياج، يرتدون أثوابًا بيضاء أو قريبة من البياض. اثنان منهم بغترة حمراء وبيضاء مربعة النقش، وآخرون بغترة بيضاء بسيطة، بينما يضع رجل في الطرف الأيمن قبعة مطرزة مستديرة بدل الغترة. خلفهم بحر فيروزي وجبال يكسوها ضباب كثيف.
image_590,clothes_003.png,"Mahyoub(200""CAMAL, wikimedia"")/clothes_003.png",1e41b33939f1899b4b282267771236bcc31d4b806e739654f462935a82555f96,attire,futa,,Yemen,,https://huggingface.co/datasets/UBC-NLP/PEARL,PEARL,sha256,,,ai_suggested,mixed200,رجل يرتدي قميصًا رماديًا وفوطة مخططة بنفسجية ورمادية ملفوفة حول الخصر، يقف أمام كشك مفتوح يعرض بضائع متنوعة ولافتة إعلانية حمراء. تصطف قبعات قش مخروطية كبيرة على طاولة أمامه، ويجلس رجال آخرون على مصطبة حجرية إلى اليسار أمام جدار عليه كتابة عربية.
image_591,clothes_004.png,"Mahyoub(200""CAMAL, wikimedia"")/clothes_004.png",75449a6b97460d574e99f8ab2e8ab9278db966e1b6a90d60296f88f61b204a81,attire,kummah,,Oman,,https://huggingface.co/datasets/UBC-NLP/PEARL,PEARL,sha256,,,ai_suggested,mixed200,رجل يضع قبعة كمّة بيضاء مطرزة، يرتدي دشداشة بيضاء، ويقف بذراعين متقاطعتين مطلًّا من فوق جدار حجري عليه كتابات مخربشة، تحته مدينة مضاءة بأضواء صفراء وبرتقالية كثيفة تحت سماء ليلية داكنة.
image_592,clothes_005.png,"Mahyoub(200""CAMAL, wikimedia"")/clothes_005.png",46243fc385354307ef1bcdbf1f8b3dc548988107e910919718e4e91a5ae66caf,attire,djellaba,,Morocco,,https://huggingface.co/datasets/UBC-NLP/PEARL,PEARL,sha256,,,ai_suggested,mixed200,جلابة بيج فاتحة اللون بغطاء رأس مدبَّب وحواف بنية داكنة، تُغلق من الأمام برباط مضفّر ينتهي بشرابة معلّقة. يظهر جزء من ربطة عنق داكنة عند فتحة الرقبة، وتستقر الجلابة على خلفية زرقاء فارغة.
image_593,clothes_006.png,"Mahyoub(200""CAMAL, wikimedia"")/clothes_006.png",8080e22a7be0ec3dea98c1d5b7e3809f7e3f596a8e01ae3a69c6896a89ecf233,attire,massar,,Oman,,https://huggingface.co/datasets/UBC-NLP/PEARL,PEARL,sha256,,,ai_suggested,mixed200,رجل يرتدي عمامة عمانية مطرزة بنقوش هندسية ملونة، ملفوفة بعناية فوق الرأس. يرتدي دشداشة بيضاء بياقة مقفلة، وتظهر خلفية داكنة موحّدة اللون خلف الكتفين.
image_594,clothes_007.png,"Mahyoub(200""CAMAL, wikimedia"")/clothes_007.png",19d7575d3a74812a5171a114d9347ccb45a106ca8f96c6d54c3db3ede5caa47b,attire,bisht,,Saudi_Arabia,,https://huggingface.co/datasets/UBC-NLP/PEARL,PEARL,sha256,,,ai_suggested,mixed200,رجلان يجلسان جنبًا إلى جنب، كلاهما يرتدي بشتًا داكنًا بحاشية فاتحة فوق ثوب أبيض، وغترة بيضاء ملفوفة بعقال أسود سميك الجدائل. يفصل بينهما طاولة صغيرة عليها هاتف أبيض قديم الطراز.
image_595,clothes_008.png,"Mahyoub(200""CAMAL, wikimedia"")/clothes_008.png",b20149a1f520b5479d5cf274429f2ceff1a89798d4a67ac25c408fc9b554c57d,attire,kummah,,Oman,,https://huggingface.co/datasets/UBC-NLP/PEARL,PEARL,sha256,,,ai_suggested,mixed200,قبعة كمّة بيضاء مطرزة بنقش هندسي متكرر من المعينات وأوراق نباتية باللونين الأصفر الذهبي والأخضر الداكن، موضوعة بشكل قائم تكشف داخلها المبطّن بنفس النقش. تستقر فوق سطح مخطط بني بخطوط متموجة.
image_596,clothes_009.png,"Mahyoub(200""CAMAL, wikimedia"")/clothes_009.png",e49632e36623a2cd89729d2f76b9c6e15b347d5619846f87b5813233cbec9492,attire,bisht,,Saudi_Arabia,,https://huggingface.co/datasets/UBC-NLP/PEARL,PEARL,sha256,,,ai_suggested,mixed200,رجل واقف يرتدي بشتًا داكنًا بحاشية فاتحة فوق ثوب أبيض، وغترة بيضاء ملفوفة بعقال أسود سميك الجدائل. تستقر يده عند خصره قرب قطعة معدنية صغيرة، وتظهر خلفه نافذة بمشربية خشبية بنقش هندسي مقوّس.
image_597,clothes_010.png,"Mahyoub(200""CAMAL, wikimedia"")/clothes_010.png",482407ae537b30bfaed8bfb35f667f79a1a9723bef4b3fd1b2ba896e1af964f6,attire,Syrian family,,Syria,,https://huggingface.co/datasets/UBC-NLP/PEARL,PEARL,sha256,,,manual_done,mixed200,ثلاثة أشخاص بالأبيض والأسود يقفون جنبًا إلى جنب. من اليسار شخص بفستان طويل مخطط رأسيًا وغطاء رأس مهدّب، يداه متشابكتان أمام الصدر. في الوسط رجل بثوب أبيض وعباءة داكنة على الكتف وغطاء رأس مقلَّم، وعند خصره حزام يبرز منه مقبض منحنٍ. إلى اليمين شخص برداء داكن موحد اللون وغطاء يلتف حول الوجه والكتفين، مع زخرفة عند خط الشعر.
image_599,clothes_012.png,"Mahyoub(200""CAMAL, wikimedia"")/clothes_012.png",d5adfc2e11aea8224f821166c56414d1049facb7e52b3d0f93151d719bcd5c4c,attire,traditional clothing,,Oman,,https://huggingface.co/datasets/UBC-NLP/PEARL,PEARL,sha256,,,manual_done,mixed200,قطعة زي مطرزة بكثافة، تجمع قماشًا أزرق مخمليًا وأصفر لامعًا مزخرفًا بأشكال معينات حمراء وزرقاء منقطة بخرز فضي، مع أوراق نباتية مطرزة بالأزرق الداكن على الحواف. تتدلى قطعتان مستطيلتان مطرزتان من الوسط، وتحيط شرابات صفراء بالكتفين.
image_600,clothes_013.png,"Mahyoub(200""CAMAL, wikimedia"")/clothes_013.png",ea7d752732540d3aa1bd7cba915716da4431a94b3dabd08abce16b98b0b8bc0e,attire,imamah,,Yemen,,https://huggingface.co/datasets/UBC-NLP/PEARL,PEARL,sha256,,,ai_suggested,mixed200,رجل مسنّ بلحية بيضاء كثيفة يرتدي عمامة بيضاء ملفوفة فوق قبعة حمراء داكنة، ورداءً أسود فضفاضًا يكشف عن قميص فاتح مزرّر من الداخل. يمسك بيده اليمنى عودًا رفيعًا طويلًا، وتستقر أمامه صينية صغيرة عليها فنجان وأطباق طعام.
image_601,clothes_014.png,"Mahyoub(200""CAMAL, wikimedia"")/clothes_014.png",646fbe9ba7e7deabc6e0972970686443bab1b1309c8e2eae0e3dfd452eedc263,attire,kummah,,Oman,,https://huggingface.co/datasets/UBC-NLP/PEARL,PEARL,sha256,,,ai_suggested,mixed200,قبعة كمّة بيضاء مطرزة بنقش أوراق نباتية متشابكة بألوان أزرق وأخضر وبرتقالي، موضوعة على جانبها تكشف فتحتها الداخلية. حافتها السفلية محاطة بشريط أخضر، وتستقر فوق سطح مخطط بني داكن.
image_602,clothes_015.png,"Mahyoub(200""CAMAL, wikimedia"")/clothes_015.png",aa6cb811e990537ae018143e368cf3775a3c2ae12d97bd1276a006a72dc4bef9,attire,dishdasha,,Oman,,https://huggingface.co/datasets/UBC-NLP/PEARL,PEARL,sha256,,,ai_suggested,mixed200,دشداشة بيج فاتحة مطوية، بشريط تطريز أبيض مزدوج يمتد على طول الفتحة الأمامية والياقة الدائرية، تتدلى منها عروة مضفّرة معقودة. تستقر الدشداشة فوق سطح ملون بنقش هندسي يشبه الزجاج المعشّق.
image_603,clothes_016.png,"Mahyoub(200""CAMAL, wikimedia"")/clothes_016.png",60c528228257dae282a7515483f9bce99c3e364e90cbc46a4cc178055a0f7503,attire,sherwal,,Syria,,https://huggingface.co/datasets/UBC-NLP/PEARL,PEARL,sha256,,,ai_suggested,mixed200,رجلان يقفان بجانب كرسي مزخرف، يرتدي كلاهما سروالًا فضفاضًا واسعًا مجموعًا عند حزام عريض ملفوف كالحبل. الرجل الأيسر بسترة فاتحة فوق صدرية داكنة، والأيمن بسترة مطرزة بكثافة بنقوش نباتية وهندسية، ويحمل قربًا من خصره نصلًا منحنيًا معلّقًا. تظهر خلفهما نافذة مقوّسة.
image_604,clothes_017.png,"Mahyoub(200""CAMAL, wikimedia"")/clothes_017.png",3991568fbebabaf2c3f78d6a9902eb97e3449537fa337ebb36ea413dda2c264a,architecture,Syrian stone archway,,Syria,,https://huggingface.co/datasets/UBC-NLP/PEARL,PEARL,sha256,,,manual_done,mixed200,قنطرة حجرية كبيرة تعلو ممرًا مرصوفًا بالحجارة، يقف تحتها وحولها عدة أشخاص بأردية داكنة طويلة. تظهر بجانب القنطرة بركة أو حوض حجري صغير، وأغنام متناثرة على يسار المشهد، وأطفال بينهم واقفون على الحجارة.
